"ID","CITED","CITING"
1,108962,310653
2,108963,108962
21,108963,1095507
22,108974,108962
23,108974,108963
24,108974,1125469
47,108974,1133417
48,108974,66794
49,108983,108962
50,108983,159897
51,108983,310653
52,108983,683404
53,109323,137849
54,110041,1152358
91,110041,287787
92,110162,110163
93,110162,110164
94,110163,110162
95,110163,110164
96,111676,89308
97,111770,1119623
98,111866,249858
99,112099,1114777
100,112378,1121459
101,112378,1131728
102,112378,141868
103,112378,145215
104,112378,654177
105,112787,1120444
106,114189,88356
203,114308,63835
204,114966,1125258
205,115188,1107728
206,116021,12960
207,116081,116087
208,116081,277263
209,116084,116087
210,116084,195150
211,116084,568045
212,116084,75972
213,116512,1107808
214,116528,1110438
215,116528,25772
216,116528,3237
217,116545,1128291
218,116545,1128319
219,116545,116553
220,116545,246618
221,116545,578645
222,116545,578649
223,116552,116553
224,116552,246618
225,116553,246618
226,116790,345340
227,117315,28336
228,117316,117315
229,117328,1115166
230,117328,38829
231,117328,91852
232,117328,95188
233,118259,118260
234,118259,230300
235,118260,230300
236,118424,118436
237,118435,118436
238,118559,1108209
239,118559,1121739
240,118873,1109566
241,118873,1115959
242,118873,987188
243,119686,198443
244,119686,987188
245,119712,1114118
246,119761,143801
247,119761,284025
248,120084,1140543
249,120817,1109873
250,120817,1140543
251,121792,1152394
252,123556,141160
253,123556,14807
254,123556,50354
255,123825,1131464
256,123825,1131634
257,123825,1154276
258,123825,23448
259,123825,42847
260,123825,447250
261,123825,649730
262,123825,649739
263,124064,6163
264,124064,6220
265,124064,6224
266,124224,169279
267,124224,6898
268,124296,51834
269,124734,1108167
270,124734,25805
403,124828,1108169
404,124952,1119742
405,124952,1123756
406,124952,1126011
407,124952,1126012
408,124952,189721
409,126793,1131270
410,126793,16843
411,126867,1108258
412,126868,1108258
413,126868,126867
414,126909,103543
415,126912,103543
416,126912,66990
417,126920,103543
418,126920,126927
419,126920,645897
420,126926,103543
421,126926,126909
422,126927,103543
423,126927,126920
424,126927,644093
425,126927,645897
426,126927,646286
427,127033,1108267
428,127033,416455
429,127033,574710
430,127940,1114364
431,127940,243274
432,128203,128202
433,128383,1108329
434,128540,387795
435,129042,1108363
436,129042,1121313
437,129042,129045
438,129045,1108363
439,129045,1121313
440,129287,907845
441,131042,40125
442,131117,152219
443,131117,212930
444,131122,212930
445,131315,411005
446,131317,411005
447,131318,411005
448,132806,45599
449,132806,48766
450,132806,593260
451,132821,695284
452,133550,1109891
453,133550,133566
454,133550,140569
455,133553,105856
456,133553,1120049
457,133563,105856
458,133563,1120049
459,133563,133566
460,133566,1152714
461,133567,1152714
462,133567,133566
463,133615,1128531
464,133615,1153866
465,133615,55403
466,133628,1108570
467,134060,481073
468,134128,1113182
469,134128,1113614
470,134128,1117760
471,134199,1114331
472,134199,164885
473,134199,447224
474,134219,1112075
475,134219,447224
476,134219,503893
477,134219,81714
478,134307,134316
479,134314,1116044
480,134314,134316
481,134315,23069
482,134316,1117920
483,134316,142268
484,134320,23069
485,135130,1105221
486,135130,416455
487,135130,574710
488,135464,1133004
489,135464,1135589
490,135464,120084
491,135464,237489
492,135464,8581
493,135765,6917
494,135766,135765
495,135766,449841
496,135766,6917
497,135798,1108656
498,136665,23258
499,136766,348437
500,136767,136766
501,136767,348437
502,136768,136766
895,137130,23070
896,137130,65074
897,137359,1108728
898,137359,1118286
899,137359,1153101
900,137359,1153150
901,137380,1108728
902,137380,37541
903,137380,85449
904,137790,10186
905,137790,1113852
906,137790,128203
907,137790,2354
908,137790,74749
909,137849,1115291
910,137849,17242
911,137868,1110000
912,137868,1131277
913,137868,1131300
914,137868,1154068
915,137868,642827
916,137868,91581
917,137956,13024
918,139738,1108834
919,139865,1108841
920,139865,1110563
921,140005,86840
922,141160,1109891
923,141160,1131345
924,141160,133553
925,141160,917493
926,141171,1121569
927,141324,1113438
928,141324,503877
929,141342,1119708
930,141342,35061
931,141342,40
932,141342,575292
933,141342,608191
934,141342,70970
935,141342,78511
936,141347,1119708
937,141596,40125
938,141868,429805
939,142268,1110209
940,142268,1117920
941,142268,134316
942,143323,1130539
943,143323,154134
944,143323,217139
945,143323,3084
946,143323,84021
947,143476,1112686
948,143676,102938
949,143801,284025
950,144212,1131549
951,144330,63486
952,144408,219446
953,144408,3229
954,144679,1114239
955,144701,1112911
956,144701,1128975
957,144701,1128997
958,144701,1136342
959,144701,22229
960,144701,595063
961,145134,129287
962,145134,641976
963,145176,1112723
964,145176,1132418
965,145176,40124
966,145215,141868
967,145215,429805
968,145215,654177
969,145315,294126
970,145315,649944
971,145384,1153287
972,145384,7430
973,145384,95589
974,147870,1109185
975,147870,1132434
976,147870,636500
977,148170,1109199
978,148170,1128997
979,148341,1109208
980,148341,1131116
981,149139,1123215
982,149669,589923
983,151430,1115670
984,151708,1120786
985,152226,1102400
986,152227,1139928
987,152227,152226
988,152227,987197
989,152483,583318
990,152483,593091
991,152731,1109392
992,152731,23507
993,153063,1131223
994,153063,440815
995,153063,561568
996,153063,561581
997,153063,561593
998,153063,561595
999,153063,561610
1000,153063,561613
1001,153063,645084
1002,153598,1113459
1003,154023,1112106
1004,154023,1133846
1005,154023,154047
1006,154047,1112106
1007,154047,1133846
1008,154047,154023
1009,154982,1121867
1010,154982,1130927
1011,154982,1130931
1012,154982,1130934
1013,154982,1133028
1014,154982,129897
1015,155158,397590
1016,155158,8687
1017,155736,155738
1018,155738,155736
1019,155738,157761
1020,156794,1109581
1021,156977,1152490
1022,156977,1153861
1023,156977,390889
1024,156977,395547
1025,157401,1118017
1026,157761,219239
1027,157805,6539
1028,158172,445938
1029,158614,10169
1030,158812,1127812
1031,159084,1152711
1032,159084,159085
1033,159084,241821
1034,159085,1152711
1035,159085,241821
1036,159897,310653
1037,159897,683355
1038,160732,1128853
1039,160732,75969
1040,161221,1153922
1041,162075,1109830
1042,162075,162080
1043,162075,737204
1044,162080,1109830
1045,162080,1135345
1046,162080,162075
1047,162080,739707
1048,162664,118682
1049,162664,39165
1050,162664,510718
1051,162664,531348
1052,162664,531351
1053,163235,1109873
1054,164885,447224
1055,166420,1119751
1056,166825,1110024
1057,166825,1118388
1058,166989,1110028
1059,166989,1121063
1060,166989,25805
1061,167670,1123068
1062,168332,86359
1063,169279,1132083
1064,169279,1154103
1065,169280,1132083
1066,169280,1154103
1067,170798,656231
1068,171954,1110256
1069,171954,1135750
1070,171954,1138755
1071,171954,820662
1072,173863,116790
1073,174418,307336
1074,174418,636511
1075,174425,174418
1076,174425,636511
1077,175256,1120643
1078,175256,1133196
1079,175256,682815
1080,175291,52784
1081,175548,105856
1082,175548,1120049
1083,175548,689152
1084,175548,753070
1085,175909,112787
1086,175909,1153891
1087,175909,221302
1088,177115,5069
1089,177993,1110515
1090,177998,1110515
1091,177998,583318
1092,178209,1000012
1093,178209,116084
1094,178209,195150
2151,178209,568045
2152,178209,75972
2153,178718,1110546
2154,178718,69296
2155,178727,1110546
2156,179180,1110563
2157,179180,1126037
2158,179180,139865
2159,179702,1121569
2160,179702,1152859
2161,179702,141171
2162,179702,424540
2163,179706,141171
2164,180187,1131719
2165,180301,1110628
2166,180373,180399
2167,180399,1120084
2168,180399,385572
2169,182093,197054
2170,182094,1131550
2171,182094,197054
2172,182094,650814
2173,184157,95435
2174,184918,171225
2175,184918,330148
2176,187260,1110950
2177,187354,1117786
2178,187354,1127851
2179,187354,372862
2180,188318,1110998
2181,188471,628500
2182,189566,1153014
2183,189566,189856
2184,189566,310742
2185,189566,36802
2186,189566,90470
2187,189571,1154232
2188,189571,189572
2189,189571,521855
2190,189571,714748
2191,189572,1134348
2192,189574,1123689
2193,189620,1129994
2194,189620,1133417
2195,189623,683355
2196,189655,559804
2197,189655,714260
2198,189655,714748
2199,189708,149669
2200,189721,1129518
2201,189774,1134346
2202,189774,714879
2203,189856,1129518
2204,189856,1129994
2205,189856,683355
2206,189856,683404
2207,190698,1114502
2208,190698,190697
2209,190698,198443
2210,190706,144212
2211,190706,182094
2212,191222,191216
2213,191222,708945
2214,192850,272720
2215,192870,1111186
2216,192870,1114398
2217,193347,1129835
2218,193347,1131719
2219,193347,193354
2220,193347,612306
2221,193352,1129835
2222,193352,1131719
2223,193352,193347
2224,193352,193354
2225,193352,612306
2226,193354,1129835
2227,193742,1111230
2228,193742,6152
2229,193918,1111240
2230,193931,1111240
2231,193931,193932
2232,193932,1111240
2233,194223,1126044
2234,194223,390922
2235,194609,1128868
2236,194609,1129572
2237,194609,1154520
2238,194609,126128
2239,194609,215912
2240,194609,31927
2241,194609,563613
2242,194617,1124844
2243,194617,1129572
2244,194617,215912
2245,194617,31932
2246,194645,248823
2247,195150,568045
2248,195361,1111304
2249,195792,1128974
2250,195792,19045
2251,195792,377303
2252,195792,593210
2253,195792,682815
2254,197054,1125092
2255,197452,1135894
2256,197452,424
2257,198443,190697
2258,198653,1113551
2259,198653,1130539
2260,198653,1152896
2261,198653,3084
2262,198653,887
2263,198866,1153728
2264,198866,73327
2265,199571,46431
2266,200630,643734
2267,202520,1115701
2268,202520,446271
2269,202522,446271
2270,202639,1117348
2271,202639,1123087
2272,202639,1154123
2273,202639,1154124
2274,202639,144408
2275,202639,242637
2276,202639,40131
2277,202639,643597
2278,202639,672064
2279,203646,1116569
2280,205192,1132968
2281,205192,578337
2282,205192,99030
2283,205196,1112929
2284,205196,1130568
2285,205196,1130586
2286,205196,628751
2287,205196,628764
2288,205196,628766
2289,205196,815096
2290,205196,950986
2291,206371,69296
2292,206524,48075
2293,208345,1114777
2294,208345,55801
2295,210309,1111978
2296,210871,1117476
2297,210871,1128151
2298,210871,1129629
2299,210871,198653
2300,210871,273152
2301,210871,35
2302,210871,38205
2303,210871,568857
2304,210871,575077
2305,210871,595157
2306,210871,59715
2307,210871,81714
2308,210871,887
2309,210872,1129610
2310,210872,210871
2311,210872,273152
2312,210872,35
2313,210872,593260
2314,210872,606479
2315,212097,1112071
2316,212107,1112071
2317,213246,1122642
2318,213246,34263
2319,213279,197783
2320,215912,31932
2321,216877,1117618
2322,216877,334153
2323,216878,1117618
2324,216878,334153
2325,216878,711527
2326,217115,1112319
2327,217139,154134
2328,217984,1112369
2329,218410,1152663
2330,218410,134128
2331,218682,22874
2332,219218,1112417
2333,219239,12247
2334,219239,157761
2335,219446,1112426
2336,219446,1127812
2337,219446,249421
2338,219446,567018
2339,219976,1116410
2340,220420,1128227
2341,221302,1153891
2342,226698,1112767
2343,226698,1122304
2344,227178,1114502
2345,227178,1128946
2346,227178,1128985
2347,227178,593240
2348,227178,96847
2349,227286,1115790
2350,228990,228992
2351,230300,118260
2352,230879,1130808
2353,230879,1132486
2354,230879,1132948
2355,230879,1133428
2356,230879,1140230
2357,230879,205192
2358,230879,230884
2359,230879,236759
2360,230879,2658
2361,230879,578309
2362,230879,578337
2363,230879,696342
2364,230879,696343
2365,230879,696345
2366,230879,696346
2367,230879,751408
2368,230879,851968
2369,230879,99030
2370,230884,1131607
2371,230884,1132486
2372,230884,1135899
2373,230884,751408
2374,231198,1153195
2375,231198,1153922
2376,231198,144408
2377,231249,1125492
2378,231249,1127913
2379,232605,25413
2380,232606,1132809
2381,232606,232605
2382,232606,25413
2383,232860,1113084
2384,233106,12275
2385,233106,630890
2386,235678,235670
2387,235678,235679
2388,235678,689439
2389,235679,1154524
2390,235679,235670
2391,235679,235678
2392,235679,57773
2393,235679,689439
2394,235683,1154524
2395,235683,235670
2396,235683,235678
2397,235683,235679
2398,235683,57773
2399,237489,1120059
2400,237489,2665
2401,237521,2665
2402,238099,1127851
2403,238401,1125386
2404,239800,95718
2405,239810,359067
2406,240321,1132434
2407,240321,1132459
2408,240321,1136397
2409,240321,1154123
2410,240321,1154124
2411,240321,428610
2412,240321,447250
2413,240321,675649
2414,240321,675847
2415,240321,69392
2416,240791,1113438
2417,240791,45605
2418,240791,503871
2419,240791,650834
2420,241133,1113459
2421,241821,1152711
2422,241821,159085
2423,242637,1113541
2424,243483,459214
2425,245288,1122460
2426,246618,1113742
2427,246618,116553
2428,248395,1113828
2429,248395,58552
2430,248425,1113831
2431,248425,1121398
2432,248425,592975
2433,248425,594387
2434,248431,1113831
2435,248823,682666
2436,249421,1127812
2437,249421,567018
2438,249858,111866
2439,250566,1113926
2440,251756,1102550
2441,251756,195792
2442,252715,601561
2443,253762,23116
2444,253971,1129621
2445,254923,108047
2446,254923,444240
2447,255233,33303
2448,255628,1135589
2449,255628,1140543
2450,255628,120084
2451,256106,1114192
2452,258259,168958
2453,259701,1114331
2454,259702,1114331
2455,259702,1131116
2456,259772,1114336
2457,260121,1114352
2458,260979,1114388
2459,261040,110164
2460,261040,1117184
2461,262108,1114442
2462,262121,1114442
2463,262178,1114442
2464,262178,1138968
2465,262178,85449
2466,263069,1131116
2467,263069,148341
2468,263279,1114502
2469,263482,1114512
2470,263482,1118302
2471,263482,263486
2472,263486,1114512
2473,263498,1152761
2474,263498,1153860
2475,263553,1117219
2476,263553,662416
2477,263553,6910
2478,264347,1153183
2479,264556,120084
2480,264556,289085
2481,264556,335042
2482,265203,86359
2483,267003,75121
2484,267824,1153195
2485,267824,69198
2486,270456,203646
2487,270456,63549
2488,270600,1114838
2489,270600,1153003
2490,272720,192850
2491,273152,210871
2492,273949,1114992
2493,278394,627024
2494,278394,851968
2495,278403,627024
2496,280876,1115291
2497,282700,1115375
2498,284023,1152958
2499,284023,1152959
2500,284023,119761
2501,284023,346292
2502,284025,119761
2503,284025,949217
2504,284414,1115456
2505,285687,285675
2506,286513,1131557
2507,286513,177993
2508,287787,1123756
2509,287787,1130847
2510,287787,1130856
2511,287787,415693
2512,287787,503883
2513,287787,634902
2514,287787,634904
2515,287787,634938
2516,287787,634975
2517,287787,647447
2518,288107,1123215
2519,289085,689152
2520,289088,689152
2521,289779,289780
2522,289779,801170
2523,289780,1128453
2524,289780,1153784
2525,289780,801170
2526,289781,1128453
2527,289781,1153784
2528,289781,289780
2529,289781,801170
2530,289885,1115701
2531,289885,20924
2532,289945,48550
2533,292277,578845
2534,293271,293285
2535,293974,1125469
2536,294030,20924
2537,294126,649944
2538,300806,1133010
2539,300806,29723
2540,300806,396412
2541,300806,6818
2542,302545,1152858
2543,307015,1131198
2544,307015,335733
2545,307015,39474
2546,307015,643199
2547,307336,285675
2548,307336,708945
2549,307656,1131360
2550,307656,270085
2551,310530,38839
2552,310653,159897
2553,314459,1121603
2554,315789,1138027
2555,315789,1139195
2556,318071,1153014
2557,318187,1116922
2558,321004,1117049
2559,321861,1117089
2560,325314,1122704
2561,330148,184918
2562,330148,23502
2563,330208,469504
2564,330208,99025
2565,334153,1117618
2566,335042,1117653
2567,335042,289085
2568,335733,643199
2569,337766,110162
2570,340078,928873
2571,340078,949217
2572,340299,74427
2573,341188,1117942
2574,341188,682666
2575,342802,2695
2576,346243,521251
2577,346292,1152958
2578,346292,284023
2579,348305,193352
2580,350319,193932
2581,354004,1118546
2582,358866,358894
2583,358866,79809
2584,358884,358894
2585,358887,358894
2586,358887,79809
2587,360028,1118823
2588,365294,7430
2589,367312,1119211
2590,367312,746058
2591,368431,30901
2592,368605,1153003
2593,368657,400455
2594,370366,1140040
2595,370366,641956
2596,370366,928873
2597,375605,1119505
2598,375825,1119623
2599,376704,1119654
2600,377303,1129572
2601,379288,67633
2602,380341,60560
2603,384428,1120019
2604,385067,272345
2605,385572,1120084
2606,387795,128540
2607,389715,107251
2608,389715,107252
2609,390693,1131639
2610,395540,1130676
2611,395553,395547
2612,395553,684972
2613,395725,1135115
2614,395725,1153933
2615,397488,1120643
2616,397488,1134865
2617,397590,1120650
2618,399339,1120731
2619,399370,60159
2620,400356,1120777
2621,400356,66990
2622,400455,368657
2623,400473,131117
2624,408885,1154173
2625,409255,1153097
2626,415693,254923
2627,416867,1121537
2628,416964,127940
2629,421481,375825
2630,423816,1134865
2631,423816,48781
2632,424540,48555
2633,427606,1050679
2634,427606,1131634
2635,427606,1138968
2636,427606,62329
2637,430329,127940
2638,430574,1105622
2639,430711,1132416
2640,430711,671052
2641,431206,662572
2642,440815,645571
2643,444191,1154068
2644,444191,6910
2645,445938,315266
2646,446610,300071
2647,447224,164885
2648,449841,1123093
2649,458439,1123493
2650,459206,1123530
2651,459213,1123530
2652,459214,1123530
2653,459216,1123530
2654,459216,593210
2655,466170,66794
2656,467383,1128977
2657,467383,116553
2658,486840,1128975
2659,486840,595063
2660,503877,1131374
2661,503877,1153577
2662,503877,1154076
2663,503883,1131374
2664,503883,1153577
2665,503883,1154076
2666,503883,577331
2667,503883,646809
2668,503883,646836
2669,503883,646913
2670,503883,647413
2671,503883,647447
2672,503893,1153577
2673,503893,33904
2674,503893,646837
2675,509379,1125393
2676,513189,1125597
2677,513189,573964
2678,513189,576691
2679,513189,787016
2680,519318,1125906
2681,519353,1125909
2682,520471,1125953
2683,521183,1125992
2684,521183,521207
2685,521183,521251
2686,521207,521269
2687,521251,1125992
2688,521252,1125992
2689,521269,1125993
2690,521855,519353
2691,522338,1132864
2692,522338,683360
2693,523010,1126044
2694,523010,1140543
2695,523394,714975
2696,523574,1154229
2697,523574,523394
2698,523574,653441
2699,523574,714289
2700,529165,1126315
2701,531348,531351
2702,531351,531348
2703,545647,582511
2704,559804,653441
2705,559804,714289
2706,560936,562123
2707,560936,91581
2708,561364,642827
2709,561568,153063
2710,561581,561582
2711,561581,646440
2712,561582,561581
2713,561593,1131223
2714,561595,561581
2715,561595,561582
2716,561610,561595
2717,561611,561595
2718,561611,561610
2719,561613,153063
2720,561613,561568
4433,561674,1127541
4434,561674,561581
4435,561674,562067
4436,561789,1127551
4437,561789,561674
4438,561789,562067
4439,561809,1127558
4440,561809,1131300
4441,561809,562067
4442,562067,1127566
4443,562123,560936
4444,562940,1127619
4445,562940,61417
4446,563613,1129572
4447,563613,31927
4448,566653,3085
4449,566653,566664
4450,566664,3085
4451,567005,1127810
4452,567018,1127812
4453,568857,1129629
4454,568857,1153816
4455,573535,693143
4456,573553,1129608
4457,573553,1135750
4458,573553,1138970
4459,573553,171954
4460,573553,820662
4461,573964,513189
4462,573964,576691
4463,573964,787016
4464,574009,594900
5,574264,576795
6,574264,815096
13,575077,117316
14,575077,579008
15,575077,593544
16,575077,594649
35,575077,608190
36,575077,608191
37,575077,66556
38,575077,94641
39,575292,1131734
40,575292,1138968
41,575402,1129778
42,575795,1128975
75,575795,595063
76,576257,1153943
77,576257,594649
78,576362,1129629
79,576362,286500
80,576362,568857
81,576691,1128198
82,576725,576795
83,576795,1128201
84,576973,1128208
85,576973,58758
86,577227,1131752
87,577331,1128227
88,578306,578347
89,578309,578347
90,578337,1132486
115,578337,236759
116,578337,696345
117,578337,696346
118,578337,99023
119,578347,578309
120,578365,578306
121,578365,578309
122,578646,1128291
123,578646,1128319
124,578646,1153899
125,578646,1153900
126,578646,578645
127,578646,578649
128,578650,1128291
129,578650,1153853
130,578650,578649
131,578669,1128943
132,578669,1128978
133,578845,578645
134,578845,593240
135,578845,593559
136,578845,593560
137,578898,578646
138,579008,1128943
139,579008,1128978
140,579008,248425
141,579008,593921
142,579008,594387
143,579108,1128314
144,582139,1128425
145,582139,1130680
146,582343,1128437
353,582349,1128437
354,582511,545647
355,589923,590022
356,591016,1128856
357,591016,591017
358,591017,1128856
359,592826,1128935
360,592830,1128935
361,592973,592975
362,592973,592986
363,592975,592986
364,592986,592975
365,592993,1128943
366,592993,1128978
367,592993,593105
368,592996,1128943
369,592996,1128978
370,593022,1128946
371,593060,1128977
372,593091,593248
373,593104,1129015
374,593104,593921
375,593104,593942
376,593155,593240
377,593201,594649
378,593209,593210
379,593240,1136791
380,593240,593210
381,593328,87363
382,593329,87363
383,593544,1128982
384,593559,593560
385,593560,593559
386,593942,1129015
387,593942,1153896
388,594011,1153896
389,594011,593942
390,594039,1129015
391,594047,1129629
392,594047,650834
393,594119,1129021
394,594483,1129040
395,594511,1153899
396,594511,1153900
397,601462,1129367
398,601462,1129368
399,601462,1129369
400,604073,1129494
401,606479,1129610
402,608190,608191
667,608190,70970
668,608191,70970
669,608326,1129683
670,608326,1131611
671,610529,1153946
672,612306,1131719
673,612306,193347
674,613409,1129907
675,616336,689439
676,617378,1130069
677,617575,1130080
678,621555,1130243
679,626530,1130454
680,626530,1154012
681,626530,626531
682,626530,626574
683,626531,1130454
684,626531,626574
685,626574,1154012
686,626999,139547
687,626999,911198
688,627024,911198
689,628458,628459
690,628500,1130600
691,628500,188471
692,628667,628668
693,628751,628764
694,628751,950986
695,628815,1130567
696,628888,628764
697,630817,1130676
698,630890,1130678
699,631015,396412
700,631015,631052
701,632796,884094
702,632874,40583
703,633030,633031
704,633031,633030
705,633081,1130780
706,633081,31489
707,633081,40605
708,633081,632796
709,633081,632874
710,633585,40605
711,633585,633721
712,633585,884094
713,633721,1130915
714,634902,634975
715,634904,634975
716,634938,1130847
717,640617,259702
718,641956,1131149
719,641956,1131150
720,641976,1131150
721,641976,672070
722,641976,672071
723,642593,1131163
724,642621,1131164
725,642621,1131258
726,642621,16819
727,642641,645084
728,642681,1131167
729,642681,1131236
730,642681,644093
731,642681,644334
732,642681,644441
733,642681,646286
734,642798,1131172
735,642798,644470
736,642847,642681
737,642894,1131180
738,642894,1131236
739,642894,1131301
740,642894,1131312
741,642894,1131335
742,642894,642798
743,642894,643239
744,642894,643485
745,642894,645046
746,642894,645870
747,642894,646286
748,642894,646334
749,642894,646357
750,642920,1131184
751,642920,642930
752,642930,1131184
753,643003,1131189
754,643069,1131192
755,643199,1131198
756,643221,1131236
757,643221,1131257
758,643221,1131305
759,643221,1131312
760,643221,1131334
761,643221,1131335
762,643221,126927
763,643221,16819
764,643221,642894
765,643221,643239
766,643221,643485
1295,643221,644093
1296,643221,644448
1297,643221,644577
1298,643221,645897
1299,643221,646286
1300,643239,1131312
1301,643239,1131334
1302,643239,126927
1303,643239,16819
1304,643239,643221
1305,643239,644093
1306,643485,643221
1307,643695,1154068
1308,643695,643597
1309,643734,643777
1310,643735,643734
1311,644093,1131236
1312,644361,645016
1313,644363,645016
1314,644427,1131257
1315,644427,644577
1316,644441,1131258
1317,644441,644334
1318,644448,1131258
1319,644448,1131314
1320,644448,644470
1321,644448,644494
1322,644494,1131314
1323,644494,644470
1324,644577,1131301
1325,644577,1131305
1326,644577,1131334
1327,644577,643485
1328,644577,645897
1329,644843,1131274
1330,644843,645016
1331,645016,1154071
1332,645046,1131301
1333,645046,646334
1334,645046,646357
1335,645084,1131277
1336,645088,1131277
1337,645088,645084
1338,645452,645016
1339,645571,645897
1340,645870,1131301
1341,645870,644494
1342,645897,126927
1343,646286,6913
1344,646289,6913
1345,646334,646357
1346,646357,646334
1347,646412,1131330
1348,646809,1131374
1349,646809,1154076
1350,646809,646913
1351,646900,1131359
1352,646900,1131360
1353,646900,1132731
1354,646900,646913
1355,646913,1131359
1356,646913,647413
1357,647315,1154076
1358,647447,577331
1359,648106,1131421
1360,648106,648112
1361,648112,1131420
1362,648112,1131421
1363,648112,648106
1364,648112,648121
1365,648121,1131420
1366,648121,648106
1367,648232,567005
1368,648369,1131414
1369,649730,1131464
1370,649731,1131464
1371,649731,123825
1372,649739,1131464
1373,650807,1131549
1374,650807,1131565
1375,650814,1131550
1376,653441,1134346
1377,653441,189774
1378,653628,1133930
1379,654177,1131728
1380,654326,1131741
1381,654326,654339
1382,654339,1131741
1383,654339,654326
1384,654519,1131754
1385,656048,1131828
1386,656231,103531
1387,662250,1132073
1388,662416,1123188
1389,662572,431206
1390,671052,1132406
1391,671269,1132418
1392,671269,1132443
1393,671269,1132461
1394,671269,1154123
1395,671269,1154124
1396,671293,1132443
1397,672064,6130
1398,672070,1132443
1399,672070,1154123
1400,672070,1154124
1401,672070,6130
1402,672070,672071
1403,672071,1132443
1404,672071,1132461
1405,672071,6130
1406,672071,672070
1407,675649,1132505
1408,675756,1132505
1409,675756,675649
1410,675847,1132505
1411,682508,1132857
1412,683294,1132857
1413,683294,682508
1414,683355,683404
1415,683360,683404
1416,683404,683355
1417,684531,684372
1418,684972,395547
1419,684986,395553
1420,684986,684972
1421,687401,273949
1422,688824,1133008
1423,688849,1133010
1424,689152,289085
1425,693143,573535
1426,693143,695284
1427,696343,1133428
1428,696345,236759
1429,696345,2658
1430,696345,696342
1431,696345,696346
1432,709113,1134031
1433,709518,1134056
1434,711994,1134197
1435,714208,189774
1436,714256,1154232
1437,714256,1154233
1438,714256,189572
1439,714256,714260
1440,714256,714748
1441,714260,559804
1442,714260,714879
1443,714289,1154230
1444,714289,1154232
1445,714289,189571
1446,714289,559804
1447,714289,714208
1448,733167,1154276
1449,733534,1135122
1450,733534,948147
1451,733576,1135082
1452,734406,1135115
1453,735303,735311
1454,738941,1135455
1455,738941,162080
1456,739280,367312
1457,739280,746058
1458,739707,950305
1459,739816,1135894
1460,739816,1140543
1461,739816,1140548
1462,746058,367312
1463,751408,1135899
1464,752684,1135955
1465,753047,1136631
1466,753047,1136634
1467,753047,753070
1468,753047,753264
1469,753047,753265
1470,753047,767763
1471,753070,753047
1472,753070,753264
1473,753070,767763
1474,753264,753047
1475,753264,767763
1476,753265,753047
1477,754594,1136040
1478,755082,1136393
1479,756061,1136110
1480,756061,1136446
1481,756061,1136447
1482,762980,1136446
1483,762980,1136447
1484,763009,1136446
1485,763009,1136447
1486,763009,1136449
1487,763010,1136446
1488,763010,1136447
1489,763010,1136449
1490,763010,762980
1491,767763,1136631
1492,779960,1137140
1493,787016,573978
1494,814836,1138619
2721,815073,205196
2722,815096,205196
2723,817774,820661
2724,824245,1139009
2725,851968,1140231
2726,853114,19621
2727,853114,853116
2728,853114,853155
2729,853115,19621
2730,853115,853114
2731,853115,853116
2732,853115,853155
2733,853116,19621
2734,853116,853155
2735,853118,1140289
2736,853155,853118
2737,954315,1155073
2738,39127,1105932
2739,39127,1128881
2740,39127,1128927
2741,39127,1128935
2742,39127,116081
2743,39127,116084
2744,39127,116087
2745,39127,195150
2746,39127,277263
2747,39127,3231
2748,39127,46476
2749,39127,49660
2750,39127,52835
2751,39127,592826
2752,39127,592830
2753,39127,75972
2754,39130,346243
2755,39130,36620
2756,39130,39131
2757,39130,521252
2758,39131,1106330
2759,39131,1131728
2760,39131,3231
2761,39131,6334
2762,39165,1131137
2763,39165,118682
2764,39165,39126
2765,39199,39210
2766,39199,66982
2767,39199,66990
2768,39210,66982
2769,39210,66986
2770,39403,130
2771,39474,1694
2772,39890,1123689
2773,39890,1154229
2774,39890,1154232
2775,39890,1154233
2776,39890,149669
2777,39890,162664
2778,39890,189571
2779,39890,242663
2780,39890,294030
2781,39890,3191
2782,39890,51045
2783,39890,521855
2784,39890,523394
2785,39890,559804
2786,39890,653441
2787,39890,714256
2788,39890,714289
2789,39890,714975
2790,40124,1104258
2791,40124,1112723
2792,40125,1104258
2793,40131,118079
2794,40135,118079
2795,40135,13686
2796,40151,1104261
2797,40151,1132418
2798,40151,1152307
2799,40151,1152448
2800,40151,1152975
2801,40151,1153703
2802,40151,288
2803,40151,49660
2804,40151,671293
2805,40605,40583
2806,40605,633721
2807,40605,884094
2808,40886,1121459
2809,40886,112378
2810,40886,1131728
2811,40886,141868
2812,40886,145215
2813,40886,429805
2814,40886,654177
2815,41216,1104300
2816,41417,1108329
2817,41417,1113551
2818,41417,128383
2819,41666,943087
2820,41714,1033
2821,41714,1110515
2822,41714,144212
2823,41714,182094
2824,41714,190697
2825,41714,190706
2826,41714,197054
2827,41714,44455
2828,41714,568857
2829,41714,594047
2830,41714,61069
2831,42156,1116594
2832,42156,1118120
2833,42156,1152179
2834,42156,340299
2835,42207,219239
2836,42209,27199
2837,42221,248119
2838,42221,27199
2839,42221,42209
2840,42221,57948
2841,42221,989397
2842,42847,1104379
2843,42848,1104379
2844,42848,1116835
2845,43165,1131195
2846,43186,1135894
2847,43186,152731
2848,43186,16461
2849,43639,469504
2850,43639,99025
2851,43698,1129442
2852,43698,31349
2853,43698,686532
2854,44017,1106492
2855,44017,206524
2856,44017,48075
2857,44121,1104435
2858,44368,1128227
2859,44455,1128985
2860,44455,128540
2861,44455,227178
2862,44455,387795
2863,44455,41714
2864,44455,568857
2865,44514,210871
2866,44514,253971
2867,44514,606479
2868,45052,1131266
2869,45052,27250
2870,45188,1130929
2871,45188,192734
2872,45188,350362
2873,45188,45189
2874,45188,976284
2875,45189,1105450
2876,45189,1106401
2877,45189,1132385
2878,45189,192734
2879,45189,192850
2880,45189,272720
2881,45189,45188
2882,45189,976284
2883,45212,1105764
2884,45212,120013
2885,45533,1104495
2886,45533,1106771
2887,45533,1115456
2888,45533,1116974
2889,45533,34266
2890,45533,87482
2891,45603,1104647
2892,45603,1125092
2893,45605,1033
2894,45605,1035
2895,45605,1131639
2896,45605,144212
2897,45605,190706
2898,45605,240791
2899,45605,503871
2900,45605,682815
2901,45605,975567
2902,46079,1152569
2903,46079,69284
2904,46452,1153091
2905,46452,582343
2906,46468,27249
2907,46470,1105450
2908,46491,107251
2909,46491,107252
2910,46491,1105672
2911,46491,1118823
2912,46491,1120169
2913,46491,1152290
2914,46491,137380
2915,46491,308232
2916,46491,37541
2917,46491,389715
2918,46491,46547
2919,46491,51834
2920,46500,57764
2921,46501,1153275
2922,46501,57764
2923,46547,107251
2924,46547,1118823
2925,46547,1786
2926,46547,389715
2927,46887,1111788
2928,46887,1153106
2929,46887,235776
2930,46887,45212
2931,46887,6311
2932,47570,385067
2933,47682,1125393
2934,47682,47683
2935,47682,47684
2936,47839,1124837
2937,48550,133563
2938,48550,227286
2939,48555,133563
2940,48555,48550
2941,48764,1104647
2942,48764,1125092
2943,48766,1104647
2944,48766,595056
2945,48768,1104647
2946,48781,1120643
2947,48781,1134865
2948,48781,397488
2949,48781,423816
2950,49482,1112369
2951,49482,217984
2952,49482,631052
2953,49482,7297
2954,49660,3237
2955,49660,66594
2956,49720,49753
2957,49753,49720
2958,49811,3233
2959,49811,463825
2960,49843,1106388
2961,49843,49844
2962,49843,49847
2963,49844,1127851
2964,49847,49844
2965,50336,13269
2966,50336,35922
2967,50336,390894
2968,50336,50337
2969,50336,683355
2970,50337,13269
2971,50337,390894
2972,50337,396412
2973,50354,123556
2974,50354,14807
2975,50354,289088
2976,50381,62274
2977,50807,1104749
2978,50838,1126503
2979,50838,25794
2980,50980,73972
2981,51045,242663
2982,51049,1134320
2983,51049,1154232
2984,51049,242663
2985,51049,39890
2986,51049,51045
2987,51052,242663
2988,51052,51045
2989,51180,1107319
2990,51180,12195
2991,51180,12350
2992,51180,50381
2993,51866,1119078
2994,51866,22883
2995,51866,27535
2996,51866,34961
2997,51879,1114664
2998,51879,22883
2999,51879,51866
3000,51879,51909
3001,51909,1105428
3002,51909,173884
3003,51909,502574
3004,51934,14545
3005,52000,1104809
3006,52000,52007
3007,52003,1104809
3008,52003,1112194
3009,52003,52000
3010,52007,1104809
3011,52515,300806
3012,52515,39199
3013,52515,446271
3014,52784,1104851
3015,52835,1115471
3016,52847,1131471
3017,52847,1153811
3018,53942,1117184
3019,53942,56167
3020,54129,108047
3021,54129,1128291
3022,54129,1128319
3023,54129,1136791
3024,54129,117315
3025,54129,117316
3026,54129,17477
3027,54129,28336
3028,54129,578645
3029,54129,578646
3030,54129,578649
3031,54129,578780
3032,54129,593022
3033,54129,594543
3034,54131,1128982
3035,54131,1153897
3036,54131,141324
3037,54131,243483
3038,54131,459213
3039,54131,459214
3040,54131,578780
3041,54131,593859
3042,54131,593942
3043,54131,59715
3044,54131,66563
3045,54132,1117476
3046,54132,1128985
3047,54132,578780
3048,54132,579008
3049,54132,593921
3050,54132,594387
3051,54132,59715
3052,54132,62634
3053,54550,5600
3054,54844,1104946
3055,55403,1128531
3056,55770,1114777
3057,55770,208345
3058,55770,521207
3059,55801,208345
3060,55968,892139
3061,56112,1104999
3062,56112,1107674
3063,56112,127033
3064,56112,56115
3065,56112,56119
3066,56112,63832
3067,56112,83725
3068,56115,1104999
3069,56115,1107674
3070,56115,1129573
3071,56115,127033
3072,56115,135130
3073,56115,56119
3074,56115,62718
3075,56115,63486
3076,56115,63832
3077,56115,69284
3078,56119,1104999
3079,56119,1105221
3080,56119,127033
3081,56119,63832
3082,56167,1117184
3083,56167,1119178
3084,56167,1152308
3085,56167,239810
3086,56167,359067
3087,56708,28287
3088,56708,308529
3089,56708,56709
3090,56709,1128959
3091,56709,18834
3092,56709,28287
3093,56709,308529
3094,56709,416455
3095,57119,1129570
3096,57119,1132731
3097,57119,1152676
3098,57119,1153942
3099,57119,28456
3100,57119,592975
3101,57119,592986
3102,57119,593060
3103,57119,595056
3104,57119,606647
3105,57119,647408
3106,57764,711527
3107,57773,1154524
3108,57773,235670
3109,57922,1118658
3110,57922,57948
3111,57932,6925
3112,57948,1114526
3113,57948,1118658
3114,57948,57922
3115,58268,13024
3116,58268,137956
3117,58268,899119
3118,58436,1114239
3119,58436,87417
3120,58453,87417
7033,58454,144679
7034,58454,87417
7035,58540,181782
7036,58552,1113828
7037,58552,248395
7038,58758,1128204
7039,58758,1128208
7040,58758,1688
7041,58758,33895
7042,58758,576973
7043,58758,69284
7044,59045,1121867
7045,59626,102406
7046,59626,124734
7047,59626,217115
7048,59626,249858
7049,59626,6125
7050,59715,96845
7051,59772,35335
7052,59798,1152277
7053,59798,1152673
7054,59798,1154251
7055,59798,180373
7056,59798,25181
7057,59798,27174
7058,59798,30895
7059,59798,96335
7060,60159,399370
7061,60159,60169
7062,60169,399370
7063,60170,399370
7064,60682,63477
7065,61069,1107062
7066,61069,1129610
7067,61069,1153816
7068,61069,28456
7069,61069,975567
7070,61073,975567
7071,61312,1105231
7072,61417,1106764
7073,61417,212777
7074,61417,94416
7075,62274,32260
7076,62274,50381
7077,62274,94713
7078,62329,1131565
7079,62329,195792
7080,62329,251756
7081,62329,593155
7082,62329,650834
7083,62347,62333
7084,62389,1107325
7085,62417,1107558
7086,62417,41216
7087,62607,294145
7088,62634,243483
7089,62676,14083
7090,62676,312409
7091,62718,127033
7092,63486,509379
7093,63486,83461
7094,63486,96845
7095,63549,1105344
7096,63812,1105360
7097,63812,1121057
7098,63812,1125393
7099,63835,1110531
7100,63835,95586
7101,63915,145215
7102,63915,38000
7103,63915,6935
7104,63915,6939
7105,63931,1117786
7106,63931,136766
7107,63931,136768
7108,63931,13717
7109,63931,6939
7110,64271,1152244
7111,64271,38829
7112,64271,73327
7113,64271,91852
7114,64271,95188
7115,64319,111866
7116,64319,249858
7117,64484,1105394
7118,64519,154134
7119,64519,37483
7120,64519,63835
7121,65057,1125909
7122,65057,134307
7123,65057,519353
7124,65057,74698
7125,65074,1110209
7126,65074,1117920
7127,65074,134307
7128,65074,134316
7129,65074,142268
7130,65074,23070
7131,65074,65057
7132,65074,714748
7133,65074,74698
7134,65074,87915
7135,65212,1105433
7136,65212,1154042
7137,65212,23116
7138,65650,1105450
7139,65650,1118764
7140,65650,309476
7141,65650,5038
7142,65653,1105450
7143,65653,1112319
7144,66556,1129778
7145,66556,141324
7146,66556,54131
7147,66556,593859
7148,66556,66563
7149,66563,1123530
7150,66563,96845
7151,66564,141324
7152,66564,593859
7153,66564,593942
7154,66564,66563
7155,66594,8821
7156,66596,362926
7157,66596,8821
7158,66751,1135750
7159,66751,1138043
7160,66751,573535
7161,66751,693143
7162,66751,695284
7163,66782,1105505
7164,66782,51834
7165,66794,1102646
7166,66794,1105505
7167,66794,1153031
7168,66805,509315
7169,66805,82090
7170,66809,82090
7171,66982,39210
7172,66986,39210
7173,66990,1117501
7174,66990,1152490
7175,66990,1153861
7176,66990,390889
7177,66990,39210
7178,67245,31769
7179,67245,67246
7180,67246,31769
7181,67292,1105530
7182,67415,1110256
7183,67415,1135746
7184,67415,12195
7185,67415,164
7186,67415,171954
7187,67415,38722
7188,67415,51180
7189,67584,1127558
7190,67584,1127566
7191,67584,562067
7192,67633,1114777
7193,67633,55801
7194,68115,47684
7195,68224,1105574
7196,68224,1128425
7197,68224,1130680
7198,68224,582139
7199,69198,231198
7200,69198,411005
7201,69198,8581
7202,69284,206371
7203,69284,69296
7204,69296,206371
7205,69392,1132461
7206,70281,1105672
7207,70281,1106630
7208,70442,1107215
7209,70442,70441
7210,70444,1107215
7211,70444,1108329
7212,70444,128383
7213,70444,70441
7214,70444,70442
7215,70520,27631
7216,70520,36167
7217,70970,1129683
7218,70970,593068
7219,70970,593329
7220,71336,1105718
7221,71736,1152259
7222,71736,1152991
7223,71904,239800
7224,71904,95718
7225,72056,1135122
7226,72101,1118347
7227,72406,1105764
7228,72805,899085
7229,72908,1127863
7230,72908,6923
7231,72908,93923
7232,72908,954315
7233,73119,14429
7234,73119,14431
7235,73146,1108389
7236,73146,116790
7237,73146,18774
7238,73146,35778
7239,73162,1134320
7240,73162,1134348
7241,73162,189774
7242,73162,519353
7243,73162,521855
7244,73162,559804
7245,73162,653441
7246,73162,714260
7247,73162,714748
7248,73162,714879
7249,73323,1105810
7250,73323,28447
7251,73327,1105810
7252,73327,1106236
7253,73327,1153166
7254,73327,1153724
7255,73327,1153728
7256,73712,1112194
7257,73712,52003
7258,73972,50980
7259,74427,1106771
7260,74427,1116974
7261,74427,34257
7262,74427,34266
7263,74427,368605
7264,74427,87482
7265,74698,134307
7266,74698,23070
7267,74700,134307
7268,74700,23069
7269,74749,10186
7270,74749,1113852
7271,74749,2354
7272,74821,1120252
7273,74821,1131149
7274,74821,1131150
7275,74920,1105877
7276,74921,1105877
7277,74937,1105877
7278,74937,74920
7279,74937,74921
7280,74975,1107041
7281,74975,1128407
7282,74975,38845
7283,74975,38846
7284,74975,3932
7285,75121,1105887
7286,75121,1106388
7287,75121,22431
7288,75121,417017
7289,75318,103430
7290,75318,1121569
7291,75318,141171
7292,75674,1109957
7293,75674,686015
7294,75693,214472
7295,75694,214472
7296,75695,1113035
7297,75695,1120059
7298,75695,139547
7299,75695,911198
7300,75969,1105932
7301,75969,1128856
7302,75969,1128935
7303,75969,1153811
7304,75969,591017
7305,75969,592830
7306,75972,1105932
7307,75972,1128935
7308,75972,592830
7309,75983,1106568
7310,75983,1115790
7311,77108,1138043
7312,77108,77112
7313,77438,106590
7314,77438,1129994
7315,77438,1152633
7316,77438,1153262
7317,77438,158172
7318,77438,293974
7319,77438,37888
7320,77438,589923
7321,77438,590022
7322,77515,9513
7323,77758,1129907
7324,77758,1131745
7325,77758,180373
7326,77758,25772
7327,77758,289885
7328,77758,294030
7329,77758,424
7330,77758,613409
7331,77758,910
7332,77826,3112
7333,77826,470511
7334,77829,3112
7335,77829,470511
7336,78508,1120138
7337,78511,575402
7338,78511,735303
7339,78511,9586
7340,78552,33818
7341,78552,78511
7342,78552,78557
7343,78552,9586
7344,78555,1120138
7345,78555,33818
7346,78555,78557
7347,78557,1120138
7348,78557,33818
7349,78557,78511
7350,78557,78549
7351,78557,9586
7352,78994,662279
7353,78994,662572
7354,79809,1121659
7355,79809,1131466
7356,79809,11342
7357,79809,1153275
7358,79809,31863
7359,79809,358866
7360,79809,79817
7361,79809,91581
7362,79817,1131466
7363,80491,314459
7364,80491,7532
7365,80491,80515
7366,80515,1121603
7367,80515,314459
7368,80656,13652
7369,80656,13654
7370,80656,13656
7371,81350,1106172
7372,81350,892139
7373,81714,81722
7374,82090,82087
7375,82098,82087
7376,82664,1106236
7377,82664,3097
7378,82666,101143
7379,82666,1106236
7380,82666,3097
7381,82920,1119708
7382,82920,1125492
7383,82920,1127913
7384,82920,1128198
7385,82920,1129367
7386,82920,1129683
7387,82920,1152358
7388,82920,1152421
7389,82920,1153280
7390,82920,1153943
7391,82920,1154459
7392,82920,259702
7393,82920,273152
7394,82920,307015
7395,82920,35
7396,82920,513189
7397,82920,573978
7398,82920,576691
7399,82920,608326
7400,82920,70970
7401,82920,81714
7402,82920,84021
7403,82920,98698
7404,83449,218682
7405,83449,22869
7406,83449,22874
7407,83461,954315
7408,83725,12576
7409,83725,56112
7410,83725,56115
7411,83725,56119
7412,83725,62718
7413,83746,294239
7414,83826,1106287
7415,83847,1106287
7416,83847,1117501
7417,83847,1130678
7418,83847,66986
7419,84020,1106298
7420,84020,1106492
7421,84021,1106298
7422,84021,1133047
7423,84021,18582
7424,84021,263279
7425,84021,415693
7426,84021,509233
7427,84021,98698
7428,85299,23258
7429,85299,299197
7430,85299,575292
7431,85324,299197
7432,85324,628751
7433,85352,1114331
7434,85352,1127430
7435,85352,1129027
7436,85352,1152421
7437,85352,1153280
7438,85352,1153943
7439,85352,1154459
7440,85352,152483
7441,85352,561238
7442,85352,574462
7443,85352,576691
7444,85352,577086
7445,85352,593091
7446,85352,640617
7447,85352,66556
7448,85352,682815
7449,85449,1120169
7450,85449,1152290
7451,85452,1120169
7452,85452,1152290
7453,85688,6539
7454,85688,75121
7455,85688,8224
7456,85688,8703
7457,85688,97892
7458,86258,1106418
7459,86359,1133469
7460,86359,1152740
7461,86359,1152944
7462,86359,18834
7463,86923,1114184
7464,86923,18532
7465,87363,593328
7466,87417,1128453
7467,87417,289779
7468,87417,289780
7469,87417,289781
7470,87417,801170
7471,87482,34266
7472,87915,1110209
7473,87915,1153786
7474,87915,142268
7475,87915,23070
7476,89308,101145
7477,89308,103528
7478,89335,59244
7479,89416,1106546
7480,89416,1153024
7481,89416,137130
7482,89416,506
7483,89416,65074
7484,89547,1112319
7485,89547,1116328
7486,89547,1132385
7487,89547,1152379
7488,89547,237376
7489,89547,28471
7490,89547,45188
7491,89547,45189
7492,89547,66805
7493,89547,6771
7494,89547,91975
7495,89547,976284
7496,90470,106590
7497,90470,1129994
7498,90655,1122642
7499,90655,34263
7500,90888,1113934
7501,90888,13885
7502,90888,340075
7503,91038,52515
7504,91581,31863
7505,91581,358894
7506,91852,20178
7507,91853,1110579
7508,91853,1116397
7509,91853,1116410
7510,91853,20178
7511,91975,1113459
7512,92065,1106671
7513,92589,1131137
7514,92589,173884
7515,92589,39165
7516,93273,248119
7517,93273,989397
7518,93318,1126050
7519,93555,1152958
7520,93555,119761
7521,93555,143801
7522,93555,284023
7523,93555,284025
7524,93755,175576
7525,93923,6941
7526,94229,1111733
7527,94229,1123087
7528,94416,1106764
7529,94639,141324
7530,94639,593105
7531,94639,593813
7532,94639,593859
7533,94639,593942
7534,94639,62634
7535,94641,1102550
7536,94641,1129018
7537,94641,1153897
7538,94641,116553
7539,94641,594387
7540,94641,62634
7541,95188,1110579
7542,95188,1116410
7543,95198,1110579
7544,95225,42207
7545,95586,95589
7546,95588,95579
7547,95594,1153287
7548,95594,7430
7549,95594,95589
7550,95597,95579
7551,95642,1107367
7552,95642,28447
7553,95642,990075
7554,95718,32698
7555,95719,32698
7556,96847,594025
7557,96851,594387
7558,96851,96847
7559,97377,211432
7560,97377,3240
7561,97377,39130
7562,97390,100935
7563,97390,1152358
7564,97390,1153943
7565,97390,33907
7566,97390,98693
7567,97645,33907
7568,97645,593091
7569,98693,1152358
7570,98693,575331
7571,98698,84021
7572,99023,578306
7573,99023,578309
7574,99023,578347
7575,99030,578337
7576,100197,193931
7577,100197,447250
7578,100197,688361
7579,100701,1107041
7580,100935,1120643
7581,100935,1134865
7582,100961,60169
7583,101143,101145
7584,101143,596075
7585,101261,101263
7586,101263,1112099
7587,101263,1139928
7588,101263,28456
7589,101660,1107095
7590,101662,1107095
7591,101811,101662
7592,101811,1153064
7593,101811,151430
7594,101811,6935
7595,102061,509315
7596,102879,9513
7597,102884,9513
7598,102938,143676
7599,102939,102938
7600,102939,143676
7601,103430,1154074
7602,103430,75318
7603,103482,1114388
7604,103482,1119140
7605,103482,1128990
7606,103482,27510
7607,103482,27514
7608,103515,1113742
7609,103515,1127913
7610,103515,1128314
7611,103515,1129778
7612,103515,1153853
7613,103515,246618
7614,103515,459214
7615,103515,54131
7616,103515,575402
7617,103528,103529
7618,103528,1107171
7619,103529,1107171
7620,103531,1107171
7621,103531,656048
7622,103537,126912
7623,103543,126912
7624,103543,126927
7625,105856,193931
7626,105856,273949
7627,105856,289085
7628,105865,193931
7629,105865,193932
7630,105899,1111304
7631,106590,1095507
7632,106590,1129994
7633,107177,1119751
7634,107251,107252
7635,107251,389715
7636,107569,1107385
7637,107569,1120777
7638,108047,1107418
7639,108047,1128319
7640,108047,1153853
7641,108047,1153899
7642,108047,28336
7643,108047,578645
7644,108047,578646
7645,108047,578649
7646,108047,578898
7647,108962,108963
7648,108962,1095507
7649,108962,159897
3,4335,1136310
4,4335,1136397
9,4335,1140547
10,4335,116790
11,4335,1717
12,4335,239800
17,4335,32698
18,4335,35922
19,4335,390889
20,4335,46468
25,4335,62274
26,4335,62417
27,4335,755082
28,4335,95718
29,4553,1102548
30,4584,1031453
31,4584,1102550
32,4584,1113739
33,4584,1116347
34,4584,1120020
55,4584,1128839
56,4584,1130567
57,4584,1130600
58,4584,124064
59,4584,1272
60,4584,128
61,4584,132806
62,4584,13885
63,4584,13917
64,4584,168410
65,4584,188471
66,4584,193742
67,4584,28278
68,4584,28287
69,4584,293285
70,4584,36167
71,4584,6151
72,4584,6155
73,4584,6184
74,4584,6196
147,4584,6210
148,4584,6213
149,4584,6214
150,4584,628500
151,4584,628815
152,4584,782486
153,4584,976334
154,4637,164
155,4649,1105887
156,4649,1127851
157,4649,135765
158,4649,135766
159,4649,411092
160,4649,434
161,4649,449841
162,4649,6917
163,4649,8703
164,4660,18615
165,4660,429781
166,4660,5038
167,4660,582343
168,4804,102884
169,4804,1108175
170,4804,1112574
171,4804,1153262
172,4804,12182
173,4804,12210
174,4804,157761
175,4804,164
176,4804,25805
177,4804,45189
178,4804,68505
179,4804,77515
180,4804,976284
181,4804,989397
182,4878,1102567
183,4983,7867
184,5055,1104851
185,5055,1107861
186,5055,1119751
303,5055,1121867
304,5055,129897
305,5055,167656
306,5062,1120563
307,5062,28026
308,5062,5064
309,5062,5069
310,5062,521207
311,5064,1120563
312,5064,1121176
313,5064,1129106
314,5064,272345
315,5064,28026
316,5064,385067
317,5064,5069
318,5069,1120563
319,5069,385067
320,5069,5064
321,5075,1120563
322,5075,5064
323,5075,5069
324,5086,109323
325,5086,1105698
326,5086,129896
327,5086,137849
328,5086,3187
329,5086,3191
330,5086,354004
331,5086,423463
332,5086,440815
333,5086,561364
334,5086,79809
335,5194,1152714
336,5194,133550
337,5194,133563
338,5194,133566
339,5194,140569
340,5348,1108050
341,5348,1114192
342,5348,1118083
343,5348,1120197
344,5348,1120858
345,5348,1123239
346,5348,1132968
347,5348,139547
348,5348,256106
349,5348,2695
350,5348,2696
351,5348,342802
352,5348,75695
567,5348,911198
568,5348,99025
569,5454,1105574
570,5454,1128425
571,5454,1130680
572,5462,1129111
573,5462,119956
574,5462,227286
575,5462,910
576,5600,1022969
577,5600,1117833
578,5600,255233
579,5600,33303
580,5600,77826
581,5869,1110520
582,5869,910
583,5959,1102625
584,5959,152226
585,5959,545647
586,5959,582511
587,5966,1102625
588,5966,1106388
589,5966,1107861
590,5966,1110390
591,5966,1114502
592,5966,68463
593,5966,86840
594,5966,8699
595,6125,1107572
596,6125,12211
597,6125,27612
598,6125,28641
599,6125,385251
600,6130,1132461
601,6130,1154123
602,6130,1154124
603,6130,671269
604,6130,675847
605,6151,1106547
606,6151,1107355
607,6151,1130567
608,6151,1385
609,6151,193742
610,6151,6152
611,6151,6155
612,6151,6213
613,6151,6214
614,6152,299195
615,6155,1126029
616,6163,1106966
617,6163,1111052
618,6163,1113739
619,6163,130
620,6163,134128
621,6163,20534
622,6163,28202
623,6163,96847
624,6169,1106406
625,6169,1114629
626,6169,1130567
627,6169,170338
628,6169,20526
629,6169,7419
630,6184,10981
631,6184,1105718
632,6184,1120731
633,6184,1136422
634,6184,13686
635,6184,27631
636,6184,3229
637,6184,399339
638,6196,1120731
639,6196,1153056
640,6196,28387
641,6196,58540
642,6196,81350
643,6196,976334
644,6209,1108329
645,6209,118259
646,6209,118260
647,6209,168410
648,6209,181782
649,6209,212930
650,6209,28485
651,6209,38480
652,6209,8213
653,6209,8875
654,6209,95579
655,6210,1120731
656,6213,10796
657,6213,1103315
658,6213,1105764
659,6213,1106406
660,6213,1106547
661,6213,1106966
662,6213,1107355
663,6213,1107455
664,6213,1108329
665,6213,1109957
666,6213,1111052
1095,6213,1111230
1096,6213,1111304
1097,6213,1113182
1098,6213,1113459
1099,6213,1113614
1100,6213,1116347
1101,6213,1117760
1102,6213,1117942
1103,6213,1120020
1104,6213,1122425
1105,6213,1123553
1106,6213,1128267
1107,6213,1129096
1108,6213,1129243
1109,6213,1130567
1110,6213,124064
1111,6213,12576
1112,6213,128
1113,6213,13193
1114,6213,134128
1115,6213,1385
1116,6213,13960
1117,6213,153598
1118,6213,161221
1119,6213,17208
1120,6213,193742
1121,6213,195361
1122,6213,20526
1123,6213,20534
1124,6213,218410
1125,6213,23774
1126,6213,241133
1127,6213,28202
1128,6213,28227
1129,6213,28278
1130,6213,28350
1131,6213,28471
1132,6213,28485
1133,6213,293271
1134,6213,299195
1135,6213,299197
1136,6213,353541
1137,6213,35863
1138,6213,38480
1139,6213,399339
1140,6213,434
1141,6213,55968
1142,6213,58540
1143,6213,595056
1144,6213,6151
1145,6213,6155
1146,6213,6163
1147,6213,6184
1148,6213,6210
1149,6213,6214
1150,6213,6215
1151,6213,6220
1152,6213,6224
1153,6213,628667
1154,6213,628668
1155,6213,628815
1156,6213,672064
1157,6213,7419
1158,6213,755217
1159,6213,91975
1160,6214,1105764
1161,6214,1106172
1162,6214,1109199
1163,6214,1115886
1164,6214,1126029
1165,6214,1130600
1166,6214,1152740
1167,6214,124064
1168,6214,13960
1169,6214,149669
1170,6214,188471
1171,6214,23258
1172,6214,27631
1173,6214,28278
1174,6214,28447
1175,6214,345340
1176,6214,38480
1177,6214,399339
1178,6214,6155
1179,6214,6184
1180,6214,6196
1181,6214,6215
1182,6214,6224
1183,6214,628500
1184,6214,6378
1185,6214,93320
1186,6214,95589
1187,6214,97892
1188,6215,1120170
1189,6215,6224
1190,6216,1113739
1191,6216,1116347
1192,6216,1123553
1193,6216,230300
1194,6216,96847
1195,6216,976334
1196,6220,134128
1197,6220,6163
1198,6220,6224
1199,6224,28387
1200,6224,345340
1201,6224,6163
1202,6238,10793
1203,6238,1123991
1204,6238,1130356
1205,6238,84459
1206,6311,1114864
1207,6311,1115677
1208,6311,235776
1209,6311,69397
1210,6318,1108656
1211,6318,1119295
1212,6318,1121057
1213,6318,20833
1214,6334,1107067
1215,6334,1116268
1216,6334,1152307
1217,6334,1152448
1218,6334,1152975
1219,6334,1153169
1220,6334,1153703
1221,6334,200480
1222,6334,20850
1223,6334,3231
1224,6334,444240
1225,6334,46431
1226,6334,68463
1227,6343,1125992
1228,6343,141868
1229,6343,200480
1230,6343,359067
1231,6343,521252
1232,6344,1112665
1233,6344,200480
1234,6346,1106103
1235,6346,1112075
1236,6378,1122425
1237,6378,1129208
1238,6378,28473
1239,6385,1103162
1240,6385,1129243
1241,6385,17476
1242,6385,28473
1243,6385,55968
1244,6385,6378
1245,6385,682666
1246,6385,892139
1247,6539,1102646
1248,6639,116084
1249,6639,178209
1250,6639,568045
1251,6639,591017
1252,6741,1130637
1253,6741,1153160
1254,6741,348437
1255,6741,411092
1256,6741,417017
1257,6741,49895
1258,6741,51909
1259,6741,83725
1260,6741,9708
1261,6767,1106103
1262,6767,1114864
1263,6767,1120444
1264,6767,235776
1265,6767,6334
1266,6767,6925
1267,6767,69397
1268,6771,65653
1269,6775,1111240
1270,6775,350319
1271,6782,1123068
1272,6782,463825
1273,6784,100961
1274,6784,1116629
1275,6784,350319
1276,6784,35797
1277,6784,560936
1278,6784,562123
1279,6784,60170
1280,6784,6775
1281,6786,1106789
1282,6786,714975
1283,6814,1117348
1284,6814,1125469
1285,6814,158172
1286,6814,293974
1287,6814,300071
1288,6814,315266
1289,6814,37884
1290,6814,390896
1291,6814,445938
1292,6818,1105531
1293,6818,1121254
1294,6818,1128425
1751,6818,293974
1752,6818,37884
1753,6818,390896
1754,6818,50336
1755,6818,50337
1756,6898,1123188
1757,6898,124224
1758,6898,12631
1759,6898,431206
1760,6898,6910
1761,6898,78994
1762,6910,1117219
1763,6910,1123188
1764,6910,1132083
1765,6910,1152150
1766,6910,1154103
1767,6910,169279
1768,6910,263553
1769,6910,431206
1770,6910,662416
1771,6913,1105011
1772,6913,1116336
1773,6913,1131230
1774,6913,1135108
1775,6913,1152917
1776,6913,1717
1777,6913,428610
1778,6913,431206
1779,6913,4330
1780,6913,703953
1781,6917,1153811
1782,6917,449841
1783,6923,1155073
1784,6923,187354
1785,6923,20857
1786,6923,308003
1787,6923,6941
1788,6923,93923
1789,6925,1114526
1790,6925,1118658
1791,6925,372862
1792,6925,57922
1793,6925,57948
1794,6935,1000012
1795,6935,101660
1796,6935,1106388
1797,6935,1115670
1798,6935,1120650
1799,6935,18615
1800,6935,238099
1801,6935,308003
1802,6939,1116922
1803,6941,372862
1804,7032,1109439
1805,7032,1110438
1806,7032,137873
1807,7032,323128
1808,7032,52847
1809,7041,1120880
1810,7047,1135082
1811,7047,14549
1812,7047,212930
1813,7047,2663
1814,7047,54844
1815,7272,1136446
1816,7272,7276
1817,7272,7297
1818,7272,763181
1819,7276,763181
1820,7296,763181
1821,7297,7276
1822,7297,763010
1823,7297,763181
1824,7419,1105764
1825,7419,1107312
1826,7419,1109581
1827,7419,1113182
1828,7419,1117760
1829,7419,1118245
1830,7419,341188
1831,7430,1153287
1832,7430,95586
1833,7532,1121603
1834,7532,1153097
1835,7532,141171
1836,7532,314459
1837,7532,7537
1838,7532,80515
1839,7537,1113534
1840,7537,1131348
1841,7537,1153097
1842,7537,141171
1843,7537,314459
1844,7537,409255
1845,7537,7532
1846,7867,1138027
1847,7867,315789
1848,8079,105057
1849,8079,1103737
1850,8079,1121867
1851,8079,154982
1852,8079,192850
1853,8079,27250
1854,8079,39124
1855,8224,1108728
1856,8224,1110426
1857,8224,1111788
1858,8224,1128531
1859,8224,1132815
1860,8224,11342
1861,8224,1153148
1862,8224,1153866
1863,8224,133615
1864,8224,22431
1865,8224,22563
1866,8224,23738
1867,8224,263279
1868,8224,30895
1869,8224,368431
1870,8224,49843
1871,8224,49844
1872,8224,49847
1873,8224,55403
1874,8224,601567
1875,8224,62389
1876,8224,6311
1877,8224,65653
1878,8224,6639
1879,8224,97377
1880,8581,1120059
1881,8581,1132968
1882,8581,2665
1883,8581,75691
1884,8581,75695
1885,8591,1154525
1886,8591,137956
1887,8591,167205
1888,8591,709113
1889,8594,1132809
1890,8594,1154525
1891,8594,1213
1892,8594,180187
1893,8594,232605
1894,8594,58268
1895,8594,709113
1896,8594,8591
1897,8617,1116268
1898,8617,12359
1899,8617,175291
1900,8617,36145
1901,8617,52784
1902,8619,175291
1903,8619,36145
1904,8687,1102751
1905,8687,38000
1906,8696,104840
1907,8696,1102751
1908,8699,104840
1909,8699,1102751
1910,8703,101145
1911,8703,104840
1912,8703,1102751
1913,8703,1105428
1914,8703,1119078
1915,8703,173884
1916,8703,27535
1917,8703,308232
1918,8703,353541
1919,8703,434
1920,8703,502574
1921,8703,51866
1922,8703,51909
1923,8703,59244
1924,8703,89335
1925,8766,409725
1926,8821,1102761
1927,8821,1153811
1928,8832,1102761
1929,8865,103515
1930,8865,1129570
1931,8865,395075
1932,8865,608292
1933,8865,647408
1934,8865,785678
1935,8865,8875
1936,8872,1104647
1937,8872,1125092
1938,8872,1152761
1939,8872,1153860
1940,8872,197054
1941,8872,229635
1942,8872,395075
1943,8872,8875
1944,8874,1120643
1945,8874,1153816
1946,8874,395075
1947,8874,608292
1948,8874,646809
1949,8874,647447
1950,8874,8875
1951,8875,1129570
1952,8875,1152676
1953,8875,18582
1954,8875,395075
1955,8875,608292
1956,8961,1103610
1957,8961,1133390
1958,9513,102879
1959,9515,102879
1960,9515,4804
1961,9515,9513
1962,9559,1102794
1963,9559,252725
1964,9581,1130780
1965,9581,633585
1966,9586,1120138
1967,9586,33818
1968,9708,1130539
1969,9708,1153003
1970,9708,136766
1971,9708,136768
1972,9708,181782
1973,9716,1153262
1974,9716,28674
1975,9716,6539
1976,10169,1107067
1977,10169,1123867
1978,10169,114189
1979,10169,158614
1980,10169,17798
1981,10169,20850
1982,10169,211875
1983,10169,259126
1984,10169,3231
1985,10169,39126
1986,10169,39131
1987,10169,49660
1988,10169,552469
1989,10169,6334
1990,10169,63477
1991,10169,63486
1992,10169,636098
1993,10169,711598
1994,10169,85452
1995,10174,10186
1996,10177,10169
1997,10177,1112574
1998,10177,12197
1999,10177,12198
2000,10177,12210
2001,10177,124734
2002,10177,15429
2003,10177,164
2004,10177,249858
2005,10177,27606
2006,10177,4804
2007,10177,67415
2008,10177,68495
2009,10177,68505
2010,10177,9515
2011,10183,10186
2012,10183,10430
2013,10183,1108267
2014,10183,1110947
2015,10183,1114336
2016,10183,1120713
2017,10183,259772
2018,10183,47570
2019,10183,54550
2020,10183,6378
2021,10186,86840
2022,10430,1120713
2023,10430,3095
2024,10435,1103394
2025,10435,112378
2026,10435,208345
2027,10435,22566
2028,10435,41417
2029,10435,8703
2030,10531,1102850
2031,10531,1107567
2032,10531,1129442
2033,10531,1130634
2034,10531,194617
2035,10531,31336
2036,10531,31349
2037,10531,31353
2038,10531,36620
2039,10531,43698
2040,10531,686532
2041,10796,1110947
2042,10796,1113934
2043,10796,1135358
2044,10796,1153148
2045,10796,180373
2046,10796,20942
2047,10796,30895
2048,10796,31097
2049,10796,417017
2050,10796,46536
2051,10796,601567
2052,10796,6217
2053,10796,8699
2054,10796,93320
2055,10798,10183
2056,10798,10796
2057,10798,1154500
2058,10798,18619
2059,10798,20193
2060,10798,212777
2061,10798,252715
2062,10798,434
2063,10798,601561
2064,10798,8703
2065,10798,97892
2066,10981,1102873
2067,10981,23507
2068,11093,39199
2069,11148,1129835
2070,11148,1131719
2071,11148,193354
2072,11148,25413
2073,11326,11339
2074,11335,1127657
2075,11335,11325
2076,11335,1153264
2077,11335,20833
2078,11335,217139
2079,11335,35070
2080,11335,49843
2081,11335,545647
2082,11335,582511
2083,11337,1128256
2084,11339,11326
2085,11339,211432
2086,11339,30901
2087,11339,44017
2088,11339,45061
2089,11342,463825
2090,11342,65650
2091,11342,79809
2092,12155,1126350
2093,12158,12199
2094,12158,148399
2095,12165,1107567
2096,12165,1112099
2097,12169,1119471
2098,12169,4637
2099,12169,989397
2100,12182,1059953
2101,12182,1106418
2102,12182,1117249
2103,12182,1118764
2104,12182,1153183
2105,12182,12165
2106,12182,12211
2107,12182,155736
2108,12182,157761
2109,12182,219239
2110,12182,28632
2111,12182,28640
2112,12182,28641
2113,12182,309476
2114,12182,321861
2115,12182,429781
2116,12182,4660
2117,12182,5038
2118,12182,65650
2119,12182,94713
2120,12194,27199
2121,12195,1107319
2122,12195,1107567
2123,12195,1112099
2124,12195,1131611
2125,12195,1132285
2126,12195,12165
2127,12195,38722
2128,12195,51180
2129,12197,111866
2130,12197,1119471
2131,12197,68495
2132,12198,1126350
2133,12198,12158
2134,12198,12199
2135,12198,164
2136,12198,27612
2137,12198,95225
2138,12199,1119471
2139,12199,12247
2140,12210,1112574
2141,12210,12182
2142,12210,4804
2143,12210,57948
2144,12210,6125
2145,12210,67415
2146,12210,77515
2147,12211,12165
2148,12238,101263
2149,12238,1107567
2150,12238,1112099
3121,12238,12165
3122,12247,1119471
3123,12247,148399
3124,12330,107569
3125,12330,1120777
3126,12330,1152490
3127,12330,1153861
3128,12330,156977
3129,12330,213279
3130,12330,395553
3131,12330,400356
3132,12330,949217
3133,12337,1129683
3134,12337,16451
3135,12337,16470
3136,12337,16474
3137,12337,395725
3138,12337,57764
3139,12347,16451
3140,12347,72101
3141,12350,101811
3142,12350,1104007
3143,12350,1107319
3144,12350,1131611
3145,12350,12158
3146,12350,12195
3147,12350,12198
3148,12350,12210
3149,12350,152227
3150,12350,157805
3151,12350,16451
3152,12350,20601
3153,12350,20602
3154,12350,27612
3155,12350,4804
3156,12350,6125
3157,12350,6539
3158,12350,67415
3159,12350,68495
3160,12359,1131634
3161,12359,16451
3162,12359,242637
3163,12439,105057
3164,12439,323128
3165,12439,340078
3166,12576,1071981
3167,12576,1104999
3168,12576,1105221
3169,12576,1107674
3170,12576,1129573
3171,12576,127033
3172,12576,135130
3173,12576,229635
3174,12576,28290
3175,12576,416455
3176,12576,56112
3177,12576,56119
3178,12576,56709
3179,12576,574710
3180,12576,575795
3181,12576,62718
3182,12576,63832
3183,12576,83725
3184,12576,8875
3185,12631,1123188
3186,12631,1152150
3187,12631,1154103
3188,12631,12638
3189,12631,662416
3190,12631,6898
3191,12631,6910
3192,12631,78994
3193,12638,1123188
3194,12638,119761
3195,12638,263553
3196,12638,4330
3197,12638,662416
3198,12638,6898
3199,12638,6910
3200,13024,899119
3201,13136,1118083
3202,13136,160705
3203,13193,17208
3204,13193,755217
3205,13195,1107312
3206,13195,1120731
3207,13195,755217
3208,13205,1105148
3209,13205,13208
3210,13208,1105148
3211,13208,131318
3212,13212,1105148
3213,13212,131318
3214,13212,13208
3215,13212,170338
3216,13212,214472
3217,13212,358884
3218,13212,411005
3219,13213,1152143
3220,13213,131318
3221,13269,17476
3222,13652,13654
3223,13652,13656
3224,13652,83746
3225,13654,1115959
3226,13654,119686
3227,13654,83746
3228,13654,987188
3229,13656,1120431
3230,13658,1115959
3231,13658,1120431
3232,13658,119686
3233,13658,13656
3234,13658,198443
3235,13658,294239
3236,13658,987188
3237,13686,1107355
3238,13686,1120431
3239,13686,1272
3240,13686,1385
3241,13717,1110531
3242,13717,37998
3243,13717,38000
3244,13885,1104379
3245,13885,13917
3246,13885,31043
3247,13885,42847
3248,13885,84459
3249,13917,1120020
3250,13966,13960
3251,13972,1126050
3252,13972,20534
3253,13982,34979
3254,14062,1119708
3255,14062,1152358
3256,14062,1152421
3257,14062,1153280
3258,14062,1154459
3259,14062,141347
3260,14062,33907
3261,14062,44368
3262,14062,646836
3263,14062,97390
3264,14062,98693
3265,14083,1103016
3266,14090,1103016
3267,14090,643069
3268,14428,1103031
3269,14428,1103969
3270,14428,14429
3271,14428,14431
3272,14428,34082
3273,14428,73119
3274,14429,1103031
3275,14429,1103969
3276,14429,1119216
3277,14429,14431
3278,14429,34082
3279,14429,73119
3280,14430,1103031
3281,14430,1103969
3282,14430,1119216
3283,14430,14429
3284,14430,14431
3285,14430,34082
3286,14430,73119
3287,14431,1103031
3288,14529,1103038
3289,14529,1114864
3290,14529,1119987
3291,14529,239829
3292,14531,1103038
3293,14531,1105932
3294,14531,1152308
3295,14531,56167
3296,14531,592830
3297,14531,60682
3298,14545,1103038
3299,14545,14549
3300,14549,1103038
3301,14549,592830
3302,14807,1111240
3303,14807,264347
3304,15076,25702
3305,15076,708945
3306,15429,10169
3307,15429,10177
3308,15429,1104007
3309,15429,1107572
3310,15429,1114526
3311,15429,1153160
3312,15429,12197
3313,15429,12350
3314,15429,175576
3315,15429,210309
3316,15429,217115
3317,15429,219239
3318,15429,35854
3319,15429,41666
3320,15429,57948
3321,15429,77515
3322,15429,89547
3323,15429,9513
3324,15429,9515
3325,15431,35854
3326,15670,12558
3327,15889,1110024
3328,15889,1118388
3329,15889,1152564
3330,15889,1153891
3331,15889,15892
3332,15889,175909
3333,15889,221302
3334,15892,1116146
3335,15892,1118388
3336,15984,158098
3337,15984,189577
3338,15984,308920
3339,15984,714975
3340,15987,1127530
3341,15987,158098
3342,15987,3192
3343,15987,523394
3344,15987,653441
3345,15987,714289
3346,16008,1105531
3347,16008,1131165
3348,16008,158098
3349,16008,189571
3350,16008,189572
3351,16008,189577
3352,16008,308920
3353,16008,3191
3354,16008,3192
3355,16008,523394
3356,16008,642827
3357,16437,152219
3358,16437,16470
3359,16437,16474
3360,16437,395725
3361,16437,430329
3362,16437,51831
3363,16451,118436
3364,16461,1105603
3365,16470,1129621
3366,16471,1104787
3367,16471,1114992
3368,16471,1126044
3369,16471,16474
3370,16471,273949
3371,16474,16471
3372,16476,1123087
3373,16476,1129621
3374,16476,12359
3375,16476,16474
3376,16485,105856
3377,16485,1104787
3378,16485,1105603
3379,16485,1109891
3380,16485,1120049
3381,16485,1123087
3382,16485,12347
3383,16485,286500
3384,16819,1131167
3385,16819,1131236
3386,16819,1131274
3387,16819,1131312
3388,16819,126793
3389,16819,643003
3390,16819,643069
3391,16819,643221
3392,16819,644093
3393,16819,644334
3394,16819,646195
3395,16819,646286
3396,16843,1152259
3397,16843,1152991
3398,16843,643069
3399,17201,1107140
3400,17201,1118245
3401,17201,1126012
3402,17201,17208
3403,17201,184157
3404,17201,32872
3405,17201,95435
3406,17208,1152633
3407,17208,1153262
3408,17208,184157
3409,17208,32872
3410,17208,95435
3411,17242,1115291
3412,17242,280876
3413,17363,444191
3414,17476,1103162
3415,17476,1105033
3416,17476,1122425
3417,17476,1129208
3418,17476,170338
3419,17476,28456
3420,17476,33013
3421,17476,682666
3422,17476,892139
3423,17477,1103162
3424,17488,1103162
3425,17798,1119987
3426,17798,1152308
3427,17798,3231
3428,17798,323128
3429,17798,39131
3430,17798,56167
3431,17811,1107136
3432,17811,63486
3433,17821,245955
3434,18251,1106052
3435,18313,249421
3436,18532,86923
3437,18536,1106854
3438,18536,424540
3439,18536,86923
3440,18615,1000012
3441,18615,4660
3442,18615,582343
3443,18619,1153091
3444,18619,18615
3445,18619,4660
3446,18770,28964
3447,18770,531348
3448,18770,531351
3449,18773,167656
3450,18773,88356
3451,18774,73146
3452,18777,103537
3453,18777,1112686
3454,18777,116790
3455,18777,173863
3456,18777,18774
3457,18777,33013
3458,18777,345340
3459,18777,445938
3460,18777,510718
3461,18777,66794
3462,18777,73146
3463,18777,79817
3464,18777,94713
3465,18781,1108175
3466,18781,18785
3467,18781,86840
3468,18811,1106401
3469,18811,1112686
3470,18811,20920
3471,18812,20920
3472,18812,510715
3473,18815,1104449
3474,18815,20920
3475,18832,1122425
3476,18832,18833
3477,18832,682666
3478,18832,81350
3479,18834,1152740
3480,18834,1152944
3481,18834,18833
3482,19045,593210
3483,19045,593328
3484,19045,593329
3485,19045,87363
3486,19231,1107572
3487,19231,1153736
3488,19231,12960
3489,19231,18619
3490,19231,30934
3491,19231,686061
3492,19621,1106287
3493,19621,1114153
3494,19621,1114442
3495,19621,1126044
3496,19621,1128846
3497,19621,1131464
3498,19621,1135082
3499,19621,1135137
3500,19621,123825
3501,19621,184918
3502,19621,23448
3503,19621,240791
3504,19621,330148
3505,19621,42847
3506,19621,49482
3507,19621,6184
3508,19621,62347
3509,19621,628888
3510,19621,631052
3511,19621,649730
3512,19621,649739
3513,19621,66990
3514,19621,684372
3515,19621,7276
3516,19621,7297
3517,19621,763009
3518,19621,83826
3519,19621,853116
3520,19621,948147
3521,19621,948299
3522,19621,950052
3523,19697,131318
3524,19697,239800
3525,19697,32698
3526,19697,40124
3527,19697,95718
3528,20178,38829
3529,20178,64271
3530,20178,91853
3531,20179,20178
3532,20179,91852
3533,20179,91853
3534,20179,95188
3535,20180,91853
3536,20180,943
3537,20193,1108597
3538,20193,1114777
3539,20193,1116397
3540,20193,1116839
3541,20193,1119180
3542,20193,112813
3543,20193,1130653
3544,20193,1130657
3545,20193,1138091
3546,20193,1152244
3547,20193,1153877
3548,20193,1153879
3549,20193,1153889
3550,20193,144330
3551,20193,3085
3552,20193,30973
3553,20193,395725
3554,20193,5062
3555,20193,566488
3556,20193,566653
3557,20193,566664
3558,20193,91853
3559,20526,1103315
3560,20526,1118092
3561,20528,1103315
3562,20528,1103676
3563,20528,1107067
3564,20534,1103315
3565,20534,1106966
3566,20534,1107455
3567,20534,1111052
3568,20534,23774
3569,20534,70442
3570,20534,7419
3571,20584,1106849
3572,20584,1111788
3573,20584,1118823
3574,20584,20592
3575,20584,20593
3576,20584,235776
3577,20584,389715
3578,20584,6311
3579,20592,20593
3580,20601,1108167
3581,20601,1118209
3582,20601,1121537
3583,20601,12158
3584,20601,12199
3585,20601,12247
3586,20601,124734
3587,20601,20602
3588,20601,25805
3589,20601,42207
3590,20601,95225
3591,20602,1108167
3592,20602,1121537
3593,20602,12155
3594,20602,12158
3595,20602,12199
3596,20602,12247
3597,20602,20601
3598,20602,42207
3599,20602,95225
3600,20821,1127851
3601,20821,372862
3602,20857,1127863
3603,20857,1155073
3604,20923,1115701
3605,20923,1116530
3606,20923,20924
3607,20923,289885
3608,20923,294030
3609,20924,1108267
3610,20924,1113934
3611,20924,1115701
3612,20924,289885
3613,20924,294030
3614,20924,521207
3615,20972,1116181
3616,22229,1103383
3617,22229,1107418
3618,22229,1112911
3619,22229,1128369
3620,22229,144701
3621,22229,190697
3622,22229,22241
3623,22229,243483
3624,22229,459216
3625,22229,593105
3626,22229,595193
3627,22241,1103383
3628,22241,1107418
3629,22241,1128369
3630,22241,595193
3631,22386,1107010
3632,22386,1128407
3633,22386,207395
3634,22386,310530
3635,22386,38839
3636,22386,38845
3637,22386,38846
3638,22386,3932
3639,22431,1110426
3640,22431,144330
3641,22431,49843
3642,22431,49844
3643,22431,49847
3644,22431,6639
3645,22563,10435
3646,22563,107251
3647,22563,107252
3648,22563,1103394
3649,22563,1120962
3650,22563,1121459
3651,22563,1123926
3652,22563,12439
3653,22563,13686
3654,22563,1786
3655,22563,22564
3656,22563,22566
3657,22563,3220
3658,22563,36140
3659,22563,389715
3660,22563,63915
3661,22563,6767
3662,22563,6771
3663,22563,94229
3664,22564,10435
3665,22564,1103394
3666,22564,22566
3667,22566,10435
3668,22566,1103394
3669,22835,1110563
3670,22835,39904
3671,22869,22876
3672,22874,22876
3673,22875,1110947
3674,22875,1113934
3675,22875,22876
3676,22883,22876
3677,22886,1107367
3678,22886,1120444
3679,22886,28447
3680,23069,23070
3681,23069,74700
3682,23070,1116044
3683,23070,134307
3684,23070,134316
3685,23070,74698
3686,23070,87915
3687,23116,1105433
3688,23116,1111978
3689,23116,40124
3690,23116,41666
3691,23116,576257
3692,23258,1106052
3693,23258,168410
3694,23258,18251
3695,23502,184918
3696,23502,23507
3697,23507,1109392
3698,23507,13717
3699,23507,152731
3700,23507,217852
3701,23507,23502
3702,23507,649731
3703,23507,93320
3704,23546,27230
3705,23738,101662
3706,23738,101811
3707,23738,1118764
3708,23738,11325
3709,23738,11342
3710,23738,1153064
3711,23738,1153148
3712,23738,189574
3713,23738,22563
3714,23738,27249
3715,23738,27250
3716,23738,411092
3717,23738,65650
3718,23738,73146
3719,23738,84020
3720,23774,1106406
3721,23774,1107455
3722,23774,7432
3723,24043,1111265
3724,24043,15076
3725,24043,928873
3726,24476,1103499
3727,24476,1106546
3728,24476,1153024
3729,24530,1109581
3730,24966,1104449
3731,24966,1105344
3732,24966,1105433
3733,24966,1106370
3734,24966,1106671
3735,24966,1123576
3736,24966,1131149
3737,24966,1131267
3738,24966,1152194
3739,24966,1154042
3740,24966,124828
3741,24966,131042
3742,24966,131318
3743,24966,145134
3744,24966,145176
3745,24966,19697
3746,24966,197452
3747,24966,202639
3748,24966,23116
3749,24966,239800
3750,24966,27627
3751,24966,40124
3752,24966,63549
3753,24966,641976
3754,24966,65212
3755,24966,671293
3756,24966,79809
3757,24966,92065
3758,24966,95719
3759,24974,1104258
3760,24974,1112723
3761,24974,131042
3762,24974,34315
3763,24974,40125
3764,24974,6771
3765,25181,1152277
3766,25181,1152673
3767,25181,1154251
3768,25181,25184
3769,25181,27174
3770,25181,96335
3771,25184,285675
3772,25184,385572
3773,25702,1108834
3774,25702,1118848
3775,25702,1136397
3776,25702,1153897
3777,25702,147870
3778,25702,202639
3779,25702,675649
3780,25702,910
3781,25772,1104769
3782,25772,1105932
3783,25772,1122580
3784,25772,1126503
3785,25772,1997
3786,25772,641956
3787,25791,28202
3788,25791,45212
3789,25794,582343
3790,25805,1108167
3791,25805,1110028
3792,25805,1121063
3793,25805,385251
3794,26850,1114605
3795,27174,180373
3796,27174,25184
3797,27174,35343
3798,27174,96335
3799,27199,148399
3800,27199,248119
3801,27203,1106418
3802,27203,1118209
3803,27203,148399
3804,27230,23545
3805,27241,1106492
3806,27241,1116268
3807,27243,1104851
3808,27243,59045
3809,27246,1110390
3810,27249,368431
3811,27249,8079
3812,27510,1110998
3813,27510,1128990
3814,27510,1152143
3815,27510,188318
3816,27514,1152143
3817,27530,1106630
3818,27530,1128542
3819,27530,27531
3820,27530,592826
3821,27530,66594
3822,27531,1106370
3823,27531,763009
3824,27535,1112026
3825,27535,13686
3826,27535,173884
3827,27535,308232
3828,27535,34961
3829,27543,1106630
3830,27543,1135125
3831,27543,27531
3832,27606,111866
3833,27606,124734
3834,27606,249858
3835,27612,1118209
3836,27612,12198
3837,27623,105899
3838,27623,1104182
3839,27623,1126029
3840,27623,27632
3841,27623,28254
3842,27623,686015
3843,27623,686030
3844,27623,686061
3845,27623,75674
3846,27627,105899
3847,27627,116021
3848,27627,18619
3849,27627,23116
3850,27627,27632
3851,27627,28254
3852,27627,686015
3853,27627,686030
3854,27627,686061
3855,27631,20528
3856,27631,28254
3857,27631,55968
3858,27632,28254
3859,27895,105057
3860,27895,1103676
3861,27895,1122580
3862,27895,112378
3863,27895,1132706
3864,27895,1786
3865,27895,23738
3866,28026,5064
3867,28026,5069
3868,28202,1114629
3869,28202,1128267
3870,28202,325497
3871,28227,20526
3872,28227,6169
3873,28230,1108267
3874,28230,1123756
3875,28249,1116347
3876,28249,1129096
3877,28249,628668
3878,28254,105899
3879,28254,1118092
3880,28254,686015
3881,28254,686061
3882,28265,1152436
3883,28265,943
3884,28267,1152896
3885,28278,1107312
3886,28287,1106547
3887,28287,1107355
3888,28287,128540
3889,28287,1385
3890,28287,308529
3891,28287,387795
3892,28287,567005
3893,28287,56709
3894,28290,1104999
3895,28290,1107674
3896,28290,28287
3897,28290,308529
3898,28290,56709
3899,28290,63832
3900,28336,108047
3901,28350,1109957
3902,28350,1113459
3903,28350,1129243
3904,28350,13193
3905,28350,241133
3906,28350,28227
3907,28350,341188
3908,28350,6210
3909,28350,6220
3910,28350,628667
3911,28350,628668
3912,28350,95579
3913,28359,35863
3914,28385,1106112
3915,28385,1125895
3916,28385,118558
3917,28387,1107312
3918,28389,353541
3919,28412,1128430
3920,28412,27631
5433,28412,6217
5434,28412,6220
5435,28447,1107367
5436,28447,1120444
5437,28447,194645
5438,28471,91975
5439,28485,168410
5440,28485,23258
5441,28487,1153056
5442,28487,128
5443,28487,206259
5444,28487,8213
5445,28487,95586
5446,28489,13193
5447,28489,6210
5448,28491,1152910
5449,28491,153598
5450,28491,341188
5451,28491,782486
5452,28504,1139928
5453,28504,1153287
5454,28504,131315
5455,28504,365294
5456,28504,7430
5457,28504,95589
5458,28542,124064
5459,28542,206259
5460,28632,32260
5461,28640,1059953
5462,28640,28641
5463,28649,12182
5464,28649,155736
5465,28649,155738
5466,28851,54131
5467,28851,578669
5468,28851,595157
5469,28957,103537
5470,28957,1105531
5471,28957,159897
5472,28957,189577
5473,28957,28964
5474,28957,35922
5475,28957,66794
5476,28957,88356
5477,28957,94713
5478,28964,1125402
5479,28964,1125944
5480,29492,1112426
5481,29492,1122574
5482,29492,131117
5483,29492,144408
5484,29492,152219
5485,29492,29708
5486,29492,3229
5487,29492,400473
5488,29708,131315
5489,29723,131315
5490,29723,300071
5491,29723,35905
5492,29723,6818
5493,29738,155277
5494,30817,1120211
5495,30817,3229
5496,30817,631052
5497,30817,75691
5498,30895,1152277
5499,30895,1152673
5500,30895,1154251
5501,30895,144679
5502,30895,30901
5503,30934,12960
5504,31055,1106630
5505,31083,1123068
5506,31083,48066
5507,31105,1105672
5508,31105,175291
5509,31336,1129442
5510,31336,31349
5511,31336,686532
5512,31349,686532
5513,31353,10531
5514,31353,1063773
5515,31353,1107567
5516,31353,1123576
5517,31353,1124844
5518,31353,1129442
5519,31353,1129608
5520,31353,1135746
5521,31353,1152162
5522,31353,1152272
5523,31353,1152904
5524,31353,194617
5525,31353,286562
5526,31353,31336
5527,31353,31349
5528,31353,31927
5529,31353,43698
5530,31353,686532
5531,31353,686559
5532,31479,1115701
5533,31479,114189
5534,31479,14549
5535,31479,20592
5536,31479,289885
5537,31479,294030
5538,31479,39165
5539,31483,1131137
5540,31483,118682
5541,31483,39126
5542,31483,39165
5543,31489,1130780
5544,31489,1152150
5545,31489,227286
5546,31489,40583
5547,31489,40605
5548,31489,632796
5549,31489,632874
5550,31489,632935
5551,31489,633585
5552,31489,633721
5553,31489,9581
5554,31769,67245
5555,31769,67246
5556,31863,358894
5557,31863,91581
5558,31927,1124844
5559,31927,1129572
5560,31927,194617
5561,31927,31932
5562,31932,194617
5563,32083,1113995
5564,32083,1120962
5565,32083,1153933
5566,32083,200630
5567,32083,31769
5568,32083,346292
5569,32083,35061
5570,32083,45605
5571,32083,6771
5572,32083,688361
5573,32260,62274
5574,32260,94713
5575,32276,15076
5576,32276,174418
5577,32276,39199
5578,32276,636500
5579,32276,636511
5580,32276,84695
5581,32688,1717
5582,32688,69418
5583,32698,95719
5584,32872,1118245
5585,33231,1105531
5586,33231,1121254
5587,33231,1132887
5588,33231,158172
5589,33231,293974
5590,33231,300071
5591,33231,315266
5592,33231,445938
5593,33301,1022969
5594,33301,33303
5595,33325,1110256
5596,33325,12960
5597,33325,429781
5598,33412,124296
5599,33412,211875
5600,33412,34708
5601,33818,1120138
5602,33818,1123087
5603,33818,78549
5604,33818,78552
5605,33818,78557
5606,33823,1119004
5607,33823,33818
5608,33823,78549
5609,33823,78552
5610,33823,78557
5611,33895,1103960
5612,33895,1153577
5613,33895,1154176
5614,33895,33904
5615,33895,593813
5616,33895,82087
5617,33904,1103960
5618,33904,1110546
5619,33907,1103960
5620,33907,1134022
5621,33907,1136814
5622,33907,593091
5623,33907,593813
5624,34082,1103969
5625,34082,1119216
5626,34257,1106771
5627,34257,1111186
5628,34257,1114398
5629,34257,1115456
5630,34257,1116974
5631,34257,1122642
5632,34257,1153003
5633,34257,192870
5634,34257,34263
5635,34257,34266
5636,34257,368605
5637,34257,87482
5638,34257,90655
5639,34263,1122642
5640,34263,87482
5641,34263,90655
5642,34266,1122642
5643,34266,34263
5644,34266,90655
5645,34315,1103979
5646,34315,40125
5647,34355,1103979
5648,34708,102406
5649,34708,120039
5650,34708,211432
5651,34961,22883
5652,34961,31043
5653,34979,1104007
5654,34979,1106418
5655,34979,13982
5656,35061,1113438
5657,35061,1152761
5658,35061,1153860
5659,35061,144701
5660,35061,210871
5661,35061,22229
5662,35061,240791
5663,35061,263498
5664,35061,45605
5665,35061,48766
5666,35061,503871
5667,35061,682815
5668,35335,168958
5669,35335,35343
5670,35335,59772
5671,35343,1118332
5672,35490,1104031
5673,35490,1116410
5674,35490,64271
5675,35490,95188
5676,35778,108962
5677,35778,108983
5678,35778,1108389
5679,35778,1125469
5680,35778,1919
5681,35778,519318
5682,35778,73146
5683,35797,100961
5684,35797,1050679
5685,35797,1110998
5686,35797,1116629
5687,35797,1128974
5688,35797,188318
5689,35797,399370
5690,35797,60169
5691,35797,60170
5692,35797,627024
5693,35852,1035
5694,35852,1113438
5695,35852,41732
5696,35852,486840
5697,35863,134060
5698,35863,20972
5699,35863,28359
5700,35905,1152162
5701,35905,1152272
5702,35905,1152904
5703,35905,29723
5704,35922,1105116
5705,35922,1140547
5706,35922,1152162
5707,35922,1152272
5708,35922,1152904
5709,35922,194223
5710,35922,390894
5711,35922,390896
5712,35922,390922
5713,35922,396412
5714,35922,50336
5715,35922,50337
5716,35922,66982
5717,36131,1152633
5718,36131,17208
5719,36131,77438
5720,36140,105057
5721,36140,1104055
5722,36140,112378
5723,36140,12439
5724,36140,22563
5725,36140,27249
5726,36140,323128
7,35,1033
8,35,103482
43,35,103515
44,35,1050679
45,35,1103960
46,35,1103985
107,35,1109199
108,35,1112911
109,35,1113438
110,35,1113831
111,35,1114331
112,35,1117476
113,35,1119505
114,35,1119708
187,35,1120431
188,35,1123756
189,35,1125386
190,35,1127430
191,35,1127913
192,35,1128204
193,35,1128227
194,35,1128314
195,35,1128453
196,35,1128945
197,35,1128959
198,35,1128985
199,35,1129018
200,35,1129027
201,35,1129573
202,35,1129683
271,35,1129778
272,35,1130847
273,35,1130856
274,35,1131116
275,35,1131360
276,35,1131557
277,35,1131752
278,35,1133196
279,35,1133338
280,35,1136814
281,35,1137466
282,35,1152421
283,35,1152508
284,35,1153065
285,35,1153280
286,35,1153577
287,35,1153853
288,35,1153943
289,35,1154176
290,35,1154459
291,35,116552
292,35,12576
293,35,128540
294,35,132806
295,35,135130
296,35,141342
297,35,141347
298,35,148170
299,35,15670
300,35,1688
301,35,175291
302,35,178727
503,35,18582
504,35,190697
505,35,190706
506,35,1956
507,35,197054
508,35,198443
509,35,198653
510,35,206371
511,35,210871
512,35,229635
513,35,231249
514,35,248425
515,35,249421
516,35,254923
517,35,259701
518,35,259702
519,35,263279
520,35,263498
521,35,265203
522,35,273152
523,35,27510
524,35,28290
525,35,286500
526,35,287787
527,35,28851
528,35,289779
529,35,289780
530,35,289781
531,35,307015
532,35,335733
533,35,33904
534,35,33907
535,35,35061
536,35,38205
537,35,387795
538,35,415693
539,35,41714
540,35,427606
541,35,44368
542,35,45599
543,35,46079
544,35,46431
545,35,486840
546,35,48766
547,35,503883
548,35,503893
549,35,513189
550,35,54129
551,35,54131
552,35,56119
553,35,561238
554,35,568857
555,35,573964
556,35,573978
557,35,574009
558,35,574264
559,35,574462
560,35,575077
561,35,575292
562,35,575331
563,35,576725
564,35,576795
565,35,577227
566,35,578780
767,35,579008
768,35,592973
769,35,593091
770,35,593105
771,35,593240
772,35,593260
773,35,593813
774,35,594047
775,35,594543
776,35,594649
777,35,594900
778,35,608326
779,35,634902
780,35,634904
781,35,634938
782,35,634975
783,35,640617
784,35,646809
785,35,646837
786,35,647408
787,35,647447
788,35,66556
789,35,66563
790,35,66805
791,35,69284
792,35,69296
793,35,694759
794,35,735303
795,35,78511
796,35,787016
797,35,801170
798,35,81722
799,35,82098
800,35,84021
801,35,85352
802,35,86359
803,35,8865
804,35,887
805,35,97645
806,35,98698
807,40,1109017
808,40,1114442
809,40,116552
810,114,1103315
811,114,1105394
812,114,1106112
813,114,1106172
814,114,1106406
815,114,1107455
816,114,1111052
817,114,1114125
818,114,1117942
819,114,1118245
820,114,1118332
821,114,1120170
822,114,1126029
823,114,124064
824,114,128
825,114,130
826,114,136665
827,114,191404
828,114,193742
829,114,23258
830,114,28227
831,114,28287
832,114,28350
833,114,28387
834,114,28471
835,114,28485
836,114,341188
837,114,38480
838,114,39403
839,114,434
840,114,55968
841,114,58540
842,114,6155
843,114,6170
844,114,6196
845,114,6220
846,114,64484
847,114,7432
848,114,755217
849,114,8213
850,114,91975
851,114,976334
852,117,1109581
853,117,149669
854,117,17476
855,117,189708
856,117,206259
857,117,28202
858,117,28278
859,117,28387
860,117,28471
861,117,32872
862,117,33013
863,117,341188
864,117,38480
865,117,39403
866,117,6170
867,117,6214
868,117,75674
869,128,1114125
870,128,20526
871,128,39403
872,128,91975
873,130,13960
874,130,345340
875,130,39403
876,288,1118092
877,288,36167
878,424,1135125
879,424,218666
880,424,47684
881,434,267003
882,463,58454
883,504,1102364
884,504,1112650
885,504,506
886,504,89416
887,506,1102364
888,506,1106546
889,506,89416
890,887,10796
891,887,1105033
892,887,1111304
893,887,1112911
894,887,1113614
1495,887,114308
1496,887,12576
1497,887,134128
1498,887,161221
1499,887,170798
1500,887,17476
1501,887,19045
1502,887,20972
1503,887,265203
1504,887,28456
1505,887,299195
1506,887,299197
1507,887,334153
1508,887,35490
1509,887,38205
1510,887,595056
1511,887,6151
1512,887,6213
1513,887,6215
1514,887,64519
1515,887,87363
1516,887,976334
1517,906,1103979
1518,906,1105344
1519,906,1114352
1520,906,1136397
1521,906,1140040
1522,906,34355
1523,906,910
1524,910,1104379
1525,910,1105344
1526,910,1105530
1527,910,1108834
1528,910,1110520
1529,910,1114118
1530,910,1116569
1531,910,1118848
1532,910,1120858
1533,910,1122460
1534,910,1126044
1535,910,1129111
1536,910,1135137
1537,910,1140040
1538,910,1152194
1539,910,12439
1540,910,12946
1541,910,131042
1542,910,13136
1543,910,160705
1544,910,227286
1545,910,242637
1546,910,28278
1547,910,31043
1548,910,340075
1549,910,340078
1550,910,34355
1551,910,35905
1552,910,42847
1553,910,436796
1554,910,48550
1555,910,5462
1556,910,576257
1557,910,58552
1558,910,5869
1559,910,636511
1560,910,67292
1561,910,675649
1562,910,684372
1563,910,755217
1564,910,94953
1565,936,1107010
1566,936,1111899
1567,936,129558
1568,936,1956
1569,936,207395
1570,936,3084
1571,936,3828
1572,936,38845
1573,940,20180
1574,940,28265
1575,940,3828
1576,941,129558
1577,941,20180
1578,941,28265
1579,941,3828
1580,941,940
1581,943,1152896
1582,943,3828
1583,943,91852
1584,1026,1034
1585,1026,1102550
1586,1026,1105231
1587,1026,1129798
1588,1026,1153945
1589,1033,1034
1590,1033,1107062
1591,1034,1153945
1592,1035,1034
1593,1035,1107062
1594,1035,1110515
1595,1213,1154525
1596,1213,409725
1597,1213,8766
1598,1237,102938
1599,1237,1102400
1600,1237,1106112
1601,1237,143676
1602,1246,1102400
1603,1246,1104007
1604,1246,42207
1605,1246,57764
1606,1246,6125
1607,1272,1102625
1608,1272,1108167
1609,1272,1120962
1610,1272,112378
1611,1272,1123867
1612,1272,1128256
1613,1272,1129208
1614,1272,1135125
1615,1272,1135358
1616,1272,157805
1617,1272,18615
1618,1272,192734
1619,1272,20593
1620,1272,254923
1621,1272,27230
1622,1272,284414
1623,1272,30895
1624,1272,30901
1625,1272,444240
1626,1272,520471
1627,1272,52835
1628,1272,552469
1629,1272,560936
1630,1272,591016
1631,1272,636098
1632,1272,65653
1633,1272,6917
1634,1272,6923
1635,1272,85452
1636,1272,85688
1637,1272,93923
1638,1272,97892
1639,1365,1031453
1640,1365,1102407
1641,1365,1105062
1642,1365,1106287
1643,1365,1108050
1644,1365,1110494
1645,1365,1110998
1646,1365,1113995
1647,1365,1114153
1648,1365,1114352
1649,1365,1114388
1650,1365,1114605
1651,1365,1116347
1652,1365,1116594
1653,1365,1117653
1654,1365,1119140
1655,1365,1120211
1656,1365,1120866
1657,1365,1128839
1658,1365,1129443
1659,1365,1130600
1660,1365,1131647
1661,1365,1131745
1662,1365,1131748
1663,1365,1132922
1664,1365,1132968
1665,1365,1135137
1666,1365,1135368
1667,1365,1136422
1668,1365,1136442
1669,1365,1152143
1670,1365,1152821
1671,1365,1154169
1672,1365,120084
1673,1365,139865
1674,1365,157401
1675,1365,161221
1676,1365,171225
1677,1365,184918
1678,1365,188318
1679,1365,188471
1680,1365,22835
1681,1365,23448
1682,1365,23502
1683,1365,23507
1684,1365,237521
1685,1365,26850
1686,1365,330148
1687,1365,340075
1688,1365,340299
1689,1365,39904
1690,1365,436796
1691,1365,49482
1692,1365,560936
1693,1365,562123
1694,1365,628500
1695,1365,648232
1696,1365,649731
1697,1365,69392
1698,1365,7276
1699,1365,7297
1700,1365,77758
1701,1365,782486
1702,1365,83826
1703,1365,85299
1704,1365,853150
1705,1365,90888
1706,1365,93555
1707,1365,948299
1708,1365,948846
1709,1365,949318
1710,1365,949511
1711,1365,950052
1712,1365,950305
1713,1481,1102567
1714,1481,1106052
1715,1481,1108267
1716,1481,1111614
1717,1481,1113934
1718,1481,1114864
1719,1481,1117184
1720,1481,1119295
1721,1481,1120563
1722,1481,1153891
1723,1481,13960
1724,1481,200480
1725,1481,399173
1726,1481,4878
1727,1481,521207
1728,1481,521269
1729,1688,1103985
1730,1688,1131360
1731,1688,1133338
1732,1688,1134022
1733,1688,1136814
1734,1688,1153065
1735,1688,152483
1736,1688,1694
1737,1688,39474
1738,1688,44368
1739,1688,576725
1740,1688,647413
1741,1688,69284
1742,1688,694759
1743,1688,84021
1744,1694,39474
1745,1717,1115291
1746,1717,1116336
1747,1717,1135108
1748,1717,50381
1749,1717,733167
1750,1786,35797
3921,1817,1114502
3922,1919,1108389
3923,1919,1109581
3924,1949,129042
3925,1949,3101
3926,1951,3095
3927,1952,1107215
3928,1952,1111899
3929,1952,1949
3930,1952,3101
3931,1953,1153166
3932,1953,1153724
3933,1953,1153728
3934,1953,1949
3935,1955,110163
3936,1955,1110390
3937,1955,1125386
3938,1955,1956
3939,1956,101143
3940,1956,1111899
3941,1956,1118302
3942,1956,1153101
3943,1956,1153150
3944,1956,1817
3945,1956,263486
3946,1956,83449
3947,1959,101143
3948,1959,1152896
3949,1959,1153728
3950,1959,170798
3951,1959,207395
3952,1959,3097
3953,1959,310530
3954,1959,38839
3955,1959,73327
3956,1959,82664
3957,1997,1102442
3958,1997,1108551
3959,1997,1109439
3960,1997,1109542
3961,1997,129897
3962,1997,154982
3963,1997,3233
3964,1997,49811
3965,1997,7032
3966,1999,1102442
3967,1999,1123068
3968,1999,1131471
3969,1999,39126
3970,1999,6771
3971,2354,10186
3972,2354,1107140
3973,2354,1113852
3974,2354,1130539
3975,2354,154134
3976,2354,40151
3977,2354,74749
3978,2440,1000012
3979,2440,1061127
3980,2440,1106388
3981,2440,1107095
3982,2440,1108551
3983,2440,1110426
3984,2440,1114512
3985,2440,1117786
3986,2440,1119295
3987,2440,1120650
3988,2440,1127619
3989,2440,1153254
3990,2440,136766
3991,2440,136768
3992,2440,151430
3993,2440,18615
3994,2440,212777
3995,2440,23546
3996,2440,27230
3997,2440,49811
3998,2440,49843
3999,2440,49844
4000,2440,49847
4001,2440,582343
4002,2440,591016
4003,2440,591017
4004,2440,63931
4005,2440,6917
4006,2440,6923
4007,2440,72908
4008,2653,102406
4009,2653,107177
4010,2653,1104055
4011,2653,1116268
4012,2653,1116842
4013,2653,1118764
4014,2653,1119751
4015,2653,1152075
4016,2653,167656
4017,2653,175291
4018,2653,197783
4019,2653,28641
4020,2653,321861
4021,2653,350362
4022,2653,4660
4023,2653,59045
4024,2653,6125
4025,2653,65650
4026,2654,1104851
4027,2654,1106630
4028,2654,1107861
4029,2654,1110438
4030,2654,1116842
4031,2654,1121867
4032,2654,1123926
4033,2654,1152075
4034,2654,197783
4035,2654,211906
4036,2654,27250
4037,2654,463825
4038,2654,52784
4039,2658,1115375
4040,2658,1130676
4041,2658,1130808
4042,2658,1131607
4043,2658,1132948
4044,2658,1135899
4045,2658,1140230
4046,2658,230884
4047,2658,236759
4048,2658,282700
4049,2658,395540
4050,2658,578347
4051,2658,696342
4052,2658,696345
4053,2658,696346
4054,2658,751408
4055,2658,99023
4056,2663,1119671
4057,2665,1105574
4058,2665,1113035
4059,2665,1115375
4060,2665,1122704
4061,2665,1130676
4062,2665,1130808
4063,2665,1131607
4064,2665,1132486
4065,2665,1132948
4066,2665,1132968
4067,2665,205192
4068,2665,230884
4069,2665,237489
4070,2665,2658
4071,2665,395540
4072,2665,43639
4073,2665,578306
4074,2665,578309
4075,2665,578337
4076,2665,578347
4077,2665,582139
4078,2665,630817
4079,2665,631052
4080,2665,696345
4081,2665,696346
4082,2665,751408
4083,2665,763009
4084,2665,99023
4085,2695,1108169
4086,2695,1120197
4087,2695,2698
4088,2695,342802
4089,2696,1108050
4090,2696,1108169
4091,2696,1113035
4092,2696,1114192
4093,2696,1118083
4094,2696,1120858
4095,2696,1123239
4096,2696,1133004
4097,2696,160705
4098,2696,256106
4099,2696,2695
4100,2696,2698
4101,2696,342802
4102,2696,469504
4103,2696,5348
4104,2696,5869
4105,2696,99025
4106,2698,1114192
4107,2698,256106
4108,2698,2695
4109,2698,342802
4110,2698,99025
4111,2702,1120777
4112,2702,12330
4113,2702,395553
4114,2702,72056
4115,3084,1107171
4116,3084,255233
4117,3084,33303
4118,3085,15889
4119,3085,221302
4120,3085,30973
4121,3085,395725
4122,3085,5062
4123,3085,83449
4124,3095,110162
4125,3095,110163
4126,3095,218682
4127,3095,83449
4128,3097,1106236
4129,3097,129045
4130,3097,1949
4131,3097,1952
4132,3097,3101
4133,3101,110162
4134,3101,110163
4135,3101,110164
4136,3101,70441
4137,3112,103529
4138,3112,110163
4139,3112,110164
4140,3112,1152564
4141,3112,1949
4142,3112,470511
4143,3112,77826
4144,3112,77829
4145,3187,1110000
4146,3187,129896
4147,3187,129897
4148,3187,280876
4149,3187,5086
4150,3191,105865
4151,3191,1106789
4152,3191,1127530
4153,3191,1131267
4154,3191,129896
4155,3191,129897
4156,3191,137873
4157,3191,162664
4158,3191,308920
4159,3191,310742
4160,3191,3192
4161,3191,423463
4162,3191,5086
4163,3191,561364
4164,3191,642827
4165,3192,105865
4166,3192,129896
4167,3192,310742
4168,3192,3191
4169,3192,423463
4170,3192,5086
4171,3192,561364
4172,3192,642827
4173,3217,1000012
4174,3217,167670
4175,3217,238099
4176,3217,65653
4177,3217,86840
4178,3218,1106492
4179,3218,1110426
4180,3218,1119987
4181,3218,1120169
4182,3218,1152290
4183,3218,1153264
4184,3218,187354
4185,3218,277263
4186,3218,35070
4187,3218,417017
4188,3218,49843
4189,3218,6639
4190,3218,66782
4191,3218,6767
4192,3218,6941
4193,3220,1115677
4194,3220,1125992
4195,3220,1128430
4196,3220,1130634
4197,3220,1131728
4198,3220,1132706
4199,3220,120039
4200,3220,145215
4201,3220,167670
4202,3220,346243
4203,3220,36620
4204,3220,39124
4205,3220,40922
4206,3220,429805
4207,3220,654177
4208,3220,69397
4209,3220,8832
4210,3222,1103737
4211,3222,1114222
4212,3222,1131137
4213,3222,1132157
4214,3222,167656
4215,3222,964248
4216,3223,1132157
4217,3223,1153101
4218,3223,1153150
4219,3223,167656
4220,3223,167670
4221,3229,100197
4222,3229,1050679
4223,3229,1103960
4224,3229,1105718
4225,3229,1106568
4226,3229,1108209
4227,3229,1108834
4228,3229,1109392
4229,3229,1112767
4230,3229,1125082
4231,3229,1125895
4232,3229,1126037
4233,3229,1128839
4234,3229,1128868
4235,3229,1130915
4236,3229,1130927
4237,3229,1130931
4238,3229,1131647
4239,3229,1131748
4240,3229,1132418
4241,3229,1140289
4242,3229,1152277
4243,3229,1152673
4244,3229,1154169
4245,3229,1154251
4246,3229,118559
4247,3229,133550
4248,3229,157401
4249,3229,16461
4250,3229,189577
4251,3229,23502
4252,3229,25181
4253,3229,25184
4254,3229,27174
4255,3229,27631
4256,3229,31769
4257,3229,33412
4258,3229,35343
4259,3229,35863
4260,3229,35922
4261,3229,390922
4262,3229,396412
4263,3229,444191
4264,3229,447250
4265,3229,48550
4266,3229,49482
4267,3229,52515
4268,3229,62347
4269,3229,641976
4270,3229,654326
4271,3229,7022
4272,3229,72101
4273,3229,82087
4274,3229,82098
4275,3229,83826
4276,3229,90888
4277,3229,919885
4278,3229,92065
4279,3229,948299
4280,3229,949511
4281,3229,96335
4282,3231,104840
4283,3231,1102761
4284,3231,1106330
4285,3231,1106370
4286,3231,1107067
4287,3231,1113926
4288,3231,1115471
4289,3231,1125386
4290,3231,1128536
4291,3231,1131471
4292,3231,1153169
4293,3231,167670
4294,3231,180399
4295,3231,200480
4296,3231,20850
4297,3231,25184
4298,3231,259126
4299,3231,263279
4300,3231,3237
4301,3231,328370
4302,3231,39124
4303,3231,39126
4304,3231,46431
4305,3231,49660
4306,3231,6334
4307,3231,63477
4308,3231,63486
4309,3231,636098
4310,3231,66594
4311,3231,68463
4312,3231,8699
4313,3231,8821
4314,3232,1106330
4315,3232,1123068
4316,3232,1128536
4317,3232,20850
4318,3232,20942
4319,3232,521251
4320,3232,66594
4321,3233,1103737
4322,3233,1114222
4323,3233,1125467
4324,3233,192850
4325,3233,1997
4326,3233,272720
4327,3233,509379
4328,3233,66594
4329,3233,976284
4330,3235,1114222
4331,3235,65653
4332,3236,1125467
4333,3236,167670
4334,3236,3233
4335,3236,3237
4336,3236,601561
4337,3237,964248
4338,3240,1110531
4339,3240,1131137
4340,3240,3233
4341,3240,36620
4342,3240,39130
4343,3240,964248
4344,3243,1103610
4345,3243,1104055
4346,3243,1110947
4347,3243,1113739
4348,3243,307336
4349,3243,30895
4350,3243,30901
4351,3243,31932
4352,3243,350362
4353,3243,368431
4354,3243,854434
4355,3243,96335
4356,3828,1152896
4357,3828,1956
4358,3828,207395
4359,3828,310530
4360,3932,5075
4361,4274,1105428
4362,4274,1114664
4363,4274,1119078
4364,4329,105899
4365,4329,1110768
4366,4329,1111304
4367,4329,28254
4368,4329,395547
4369,4329,46468
4370,4329,510718
4371,4330,1103676
4372,4330,1103737
4373,4330,1104449
4374,4330,1108834
4375,4330,11093
4376,4330,1109439
4377,4330,1110438
4378,4330,1112929
4379,4330,1114352
4380,4330,1132459
4381,4330,1132461
4382,4330,1135108
4383,4330,1136393
4384,4330,1136397
4385,4330,1152917
4386,4330,118436
4387,4330,119956
4388,4330,120013
4389,4330,12946
4390,4330,137873
4391,4330,151708
4392,4330,168410
4393,4330,1717
4394,4330,299197
4395,4330,32688
4396,4330,328370
4397,4330,35797
4398,4330,37884
4399,4330,390889
4400,4330,395553
4401,4330,428610
4402,4330,4329
4403,4330,46468
4404,4330,684986
4405,4330,69392
4406,4330,69418
4407,4330,753265
4408,4330,949217
4409,4335,1104300
4410,4335,1121254
5727,36140,350373
5728,36140,35797
5729,36140,46500
5730,36140,57764
5731,36140,63915
5732,36145,1104055
5733,36145,1105672
5734,36145,1116268
5735,36145,272720
5736,36145,52784
5737,36162,1132815
5738,36162,1152307
5739,36162,1152448
5740,36162,1152975
5741,36162,1153703
5742,36162,197452
5743,36162,20528
5744,36167,20528
5745,36620,1128430
5746,36620,120039
5747,36620,189620
5748,36802,1108389
5749,36802,130
5750,36802,189856
5751,36802,37888
5752,36802,589923
5753,36802,590022
5754,37483,1130539
5755,37483,217852
5756,37483,2440
5757,37483,5959
5758,37483,63931
5759,37541,1119140
5760,37541,260979
5761,37879,1105116
5762,37884,300071
5763,37888,1108389
5764,37888,1125469
5765,37888,1152633
5766,37888,293974
5767,37888,77438
5768,38205,108047
5769,38205,1128997
5770,38205,1129610
5771,38205,1153942
5772,38205,117316
5773,38205,592975
5774,38205,592986
5775,38205,593060
5776,38205,595056
5777,38205,606647
5778,38205,61069
5779,38480,1104182
5780,38537,1131270
5781,38537,1131277
5782,38537,137868
5783,38537,153063
5784,38537,642847
5785,38537,646195
5786,38722,1106172
5787,38722,1135746
5788,38722,5038
5789,38722,51180
5790,38722,65650
5791,38722,81350
5792,38771,1104191
5793,38829,1107010
5794,38829,1116397
5795,38829,1152244
5796,38839,310530
5797,38845,1107010
5798,38845,1110579
5799,38846,1128407
5800,38846,38845
5801,39126,1107067
5802,39126,88356
